2026-05-28 21:58:08,810 | INFO | Initialized OneDrive root folders
2026-05-28 21:58:08,810 | INFO | Initialized OneDrive root folders
2026-05-28 21:58:08,810 | INFO | Initialized MissionariesPage
2026-05-28 21:58:08,839 | INFO | Loaded active missionaries
2026-05-28 21:58:08,839 | INFO | Loaded 1 missionaries into table
2026-05-28 21:58:08,839 | INFO | Initializing MissionaryDetailPage
2026-05-28 21:58:08,839 | INFO | Initialized OneDrive root folders
2026-05-28 21:58:08,839 | INFO | Initialized OneDrive root folders
2026-05-28 21:58:08,839 | INFO | Initialized OneDrive root folders
2026-05-28 21:58:22,882 | INFO | Loaded active missionaries
2026-05-28 21:58:22,882 | INFO | Opening detail page for missionary: thatonenewguynamed Steve
2026-05-28 21:58:22,882 | INFO | Loading missionary details for thatonenewguynamed Steve
2026-05-28 21:58:28,833 | INFO | Loaded active missionaries
2026-05-28 21:58:28,834 | INFO | Opening detail page for missionary: thatonenewguynamed Steve
2026-05-28 21:58:28,834 | INFO | Loading missionary details for thatonenewguynamed Steve
2026-05-28 21:58:35,099 | INFO | Starting document upload for thatonenewguynamed Steve
2026-05-28 21:58:43,289 | INFO | Opening workflow status change dialog for workflow ID 1
2026-05-28 21:58:46,720 | INFO | Updated workflow INTERPOL to IN PROGRESS
2026-05-28 21:58:46,721 | INFO | Updated current stage for missionary thatonenewguynamed Steve to INTERPOL
2026-05-28 21:58:46,721 | INFO | Workflow ID 1 updated to status IN PROGRESS
2026-05-28 21:58:46,732 | INFO | Loading missionary details for thatonenewguynamed Steve
2026-05-28 22:30:14,339 | INFO | Initialized OneDrive root folders
2026-05-28 22:30:14,339 | INFO | Initialized OneDrive root folders
2026-05-28 22:30:14,339 | INFO | Initialized MissionariesPage
2026-05-28 22:30:14,363 | INFO | Loaded active missionaries
2026-05-28 22:30:14,370 | INFO | Loaded 1 missionaries into table
2026-05-28 22:30:14,370 | INFO | Initializing MissionaryDetailPage
2026-05-28 22:30:14,370 | INFO | Initialized OneDrive root folders
2026-05-28 22:30:14,370 | INFO | Initialized OneDrive root folders
2026-05-28 22:30:14,370 | INFO | Initialized OneDrive root folders
2026-05-28 22:30:18,039 | INFO | Opening Add Missionary dialog
2026-05-28 22:30:18,039 | INFO | Initialized OneDrive root folders
2026-05-28 22:30:18,039 | INFO | Initialized OneDrive root folders
2026-05-28 22:30:18,039 | INFO | Opened Add Missionary dialog
2026-05-28 22:30:49,246 | INFO | Created missionary root folder: C:\Users\PerúLimaCentralMissi\OneDrive - Church of Jesus Christ (1)\Sec. Visas\1. Visas Lima Central\1 DOCUMENTOS DE LEGALIZACIÓN - IMPORTANTE\ACTIVE\James William VanOrden
2026-05-28 22:30:49,248 | INFO | Created workflow folder: C:\Users\PerúLimaCentralMissi\OneDrive - Church of Jesus Christ (1)\Sec. Visas\1. Visas Lima Central\1 DOCUMENTOS DE LEGALIZACIÓN - IMPORTANTE\ACTIVE\James William VanOrden\INTERPOL
2026-05-28 22:30:49,249 | INFO | Created workflow folder: C:\Users\PerúLimaCentralMissi\OneDrive - Church of Jesus Christ (1)\Sec. Visas\1. Visas Lima Central\1 DOCUMENTOS DE LEGALIZACIÓN - IMPORTANTE\ACTIVE\James William VanOrden\CARNET DE EXTRANJERIA
2026-05-28 22:30:49,253 | INFO | Created workflow folder: C:\Users\PerúLimaCentralMissi\OneDrive - Church of Jesus Christ (1)\Sec. Visas\1. Visas Lima Central\1 DOCUMENTOS DE LEGALIZACIÓN - IMPORTANTE\ACTIVE\James William VanOrden\PRORROGA
2026-05-28 22:30:49,253 | INFO | Created workflow folder: C:\Users\PerúLimaCentralMissi\OneDrive - Church of Jesus Christ (1)\Sec. Visas\1. Visas Lima Central\1 DOCUMENTOS DE LEGALIZACIÓN - IMPORTANTE\ACTIVE\James William VanOrden\CANCELACION
2026-05-28 22:30:49,289 | INFO | Initialized workflows for missionary ID 2
2026-05-28 22:30:49,289 | INFO | Created missionary: James William VanOrden
2026-05-28 22:30:49,289 | INFO | Successfully created missionary from dialog: James William VanOrden
2026-05-28 22:30:49,289 | INFO | Missionary created successfully from dialog
2026-05-28 22:30:49,303 | INFO | Loaded active missionaries
2026-05-28 22:30:49,303 | INFO | Loaded 2 missionaries into table
2026-05-28 22:30:50,513 | INFO | Loaded active missionaries
2026-05-28 22:30:50,513 | INFO | Opening detail page for missionary: James William VanOrden
2026-05-28 22:30:50,518 | INFO | Loading missionary details for James William VanOrden
2026-05-28 22:30:52,292 | INFO | Opening workflow status change dialog for workflow ID 6
2026-05-28 22:30:59,922 | INFO | Updated workflow CARNET DE EXTRANJERIA to COMPLETED
2026-05-28 22:30:59,930 | INFO | Updated current stage for missionary James William VanOrden to CARNET DE EXTRANJERIA
2026-05-28 22:30:59,938 | INFO | Workflow ID 6 updated to status COMPLETED
2026-05-28 22:30:59,944 | INFO | Loading missionary details for James William VanOrden
2026-05-28 22:31:01,280 | INFO | Opening workflow status change dialog for workflow ID 8
2026-05-28 22:31:07,899 | INFO | Updated workflow CANCELACION to COMPLETED
2026-05-28 22:31:07,911 | INFO | Updated current stage for missionary James William VanOrden to CANCELACION
2026-05-28 22:31:07,917 | INFO | Archived folder James William VanOrden
2026-05-28 22:31:07,933 | INFO | Archived missionary James William VanOrden
2026-05-28 22:31:07,936 | INFO | Workflow ID 8 updated to status COMPLETED
2026-05-28 22:31:07,936 | INFO | Loading missionary details for James William VanOrden
2026-05-28 22:31:26,777 | INFO | Initialized OneDrive root folders
2026-05-28 22:31:26,777 | INFO | Initialized OneDrive root folders
2026-05-28 22:31:26,777 | INFO | Initialized MissionariesPage
2026-05-28 22:31:26,820 | INFO | Loaded active missionaries
2026-05-28 22:31:26,820 | INFO | Loaded 1 missionaries into table
2026-05-28 22:31:26,820 | INFO | Initializing MissionaryDetailPage
2026-05-28 22:31:26,820 | INFO | Initialized OneDrive root folders
2026-05-28 22:31:26,820 | INFO | Initialized OneDrive root folders
2026-05-28 22:31:26,820 | INFO | Initialized OneDrive root folders
2026-05-28 22:31:31,375 | INFO | Loaded active missionaries
2026-05-28 22:31:31,377 | INFO | Opening detail page for missionary: thatonenewguynamed Steve
2026-05-28 22:31:31,377 | INFO | Loading missionary details for thatonenewguynamed Steve
2026-05-28 22:31:34,503 | INFO | Opening Add Missionary dialog
2026-05-28 22:31:34,503 | INFO | Initialized OneDrive root folders
2026-05-28 22:31:34,503 | INFO | Initialized OneDrive root folders
2026-05-28 22:31:34,503 | INFO | Opened Add Missionary dialog
2026-05-28 22:31:49,680 | INFO | Created missionary root folder: C:\Users\PerúLimaCentralMissi\OneDrive - Church of Jesus Christ (1)\Sec. Visas\1. Visas Lima Central\1 DOCUMENTOS DE LEGALIZACIÓN - IMPORTANTE\ACTIVE\James William VanOrden
2026-05-28 22:31:49,680 | INFO | Created workflow folder: C:\Users\PerúLimaCentralMissi\OneDrive - Church of Jesus Christ (1)\Sec. Visas\1. Visas Lima Central\1 DOCUMENTOS DE LEGALIZACIÓN - IMPORTANTE\ACTIVE\James William VanOrden\INTERPOL
2026-05-28 22:31:49,680 | INFO | Created workflow folder: C:\Users\PerúLimaCentralMissi\OneDrive - Church of Jesus Christ (1)\Sec. Visas\1. Visas Lima Central\1 DOCUMENTOS DE LEGALIZACIÓN - IMPORTANTE\ACTIVE\James William VanOrden\CARNET DE EXTRANJERIA
2026-05-28 22:31:49,696 | INFO | Created workflow folder: C:\Users\PerúLimaCentralMissi\OneDrive - Church of Jesus Christ (1)\Sec. Visas\1. Visas Lima Central\1 DOCUMENTOS DE LEGALIZACIÓN - IMPORTANTE\ACTIVE\James William VanOrden\PRORROGA
2026-05-28 22:31:49,707 | INFO | Created workflow folder: C:\Users\PerúLimaCentralMissi\OneDrive - Church of Jesus Christ (1)\Sec. Visas\1. Visas Lima Central\1 DOCUMENTOS DE LEGALIZACIÓN - IMPORTANTE\ACTIVE\James William VanOrden\CANCELACION
2026-05-28 22:31:49,736 | INFO | Initialized workflows for missionary ID 3
2026-05-28 22:31:49,736 | INFO | Created missionary: James William VanOrden
2026-05-28 22:31:49,736 | INFO | Successfully created missionary from dialog: James William VanOrden
2026-05-28 22:31:49,741 | INFO | Missionary created successfully from dialog
2026-05-28 22:31:49,744 | INFO | Loaded active missionaries
2026-05-28 22:31:49,754 | INFO | Loaded 2 missionaries into table
2026-05-28 22:31:51,040 | INFO | Loaded active missionaries
2026-05-28 22:31:51,043 | INFO | Opening detail page for missionary: James William VanOrden
2026-05-28 22:31:51,043 | INFO | Loading missionary details for James William VanOrden
2026-05-28 22:31:53,637 | INFO | Opening workflow status change dialog for workflow ID 9
2026-05-28 22:31:57,316 | INFO | Opening workflow status change dialog for workflow ID 10
2026-05-28 22:32:00,370 | INFO | Updated workflow CARNET DE EXTRANJERIA to COMPLETED
2026-05-28 22:32:00,391 | INFO | Updated current stage for missionary James William VanOrden to CARNET DE EXTRANJERIA
2026-05-28 22:32:00,394 | INFO | Workflow ID 10 updated to status COMPLETED
2026-05-28 22:32:00,396 | INFO | Loading missionary details for James William VanOrden
2026-05-28 22:32:17,077 | INFO | Initialized OneDrive root folders
2026-05-28 22:32:17,077 | INFO | Initialized OneDrive root folders
2026-05-28 22:32:17,077 | INFO | Initialized MissionariesPage
2026-05-28 22:32:17,117 | INFO | Loaded active missionaries
2026-05-28 22:32:17,118 | INFO | Loaded 2 missionaries into table
2026-05-28 22:32:17,119 | INFO | Initializing MissionaryDetailPage
2026-05-28 22:32:17,119 | INFO | Initialized OneDrive root folders
2026-05-28 22:32:17,120 | INFO | Initialized OneDrive root folders
2026-05-28 22:32:17,121 | INFO | Initialized OneDrive root folders
2026-05-28 22:32:20,716 | INFO | Loaded active missionaries
2026-05-28 22:32:20,716 | INFO | Opening detail page for missionary: James William VanOrden
2026-05-28 22:32:20,716 | INFO | Loading missionary details for James William VanOrden
2026-05-28 22:50:23,536 | INFO | Initialized OneDrive root folders
2026-05-28 22:50:23,536 | INFO | Initialized OneDrive root folders
2026-05-28 22:50:23,536 | INFO | Initialized MissionariesPage
2026-05-28 22:50:23,577 | INFO | Loaded active missionaries
2026-05-28 22:50:23,589 | INFO | Loaded 2 missionaries into table
2026-05-28 22:50:23,589 | INFO | Initializing MissionaryDetailPage
2026-05-28 22:50:23,589 | INFO | Initialized OneDrive root folders
2026-05-28 22:50:23,589 | INFO | Initialized OneDrive root folders
2026-05-28 22:50:23,589 | INFO | Initialized OneDrive root folders
2026-05-28 22:50:26,976 | INFO | Loaded active missionaries
2026-05-28 22:50:26,976 | INFO | Opening detail page for missionary: James William VanOrden
2026-05-28 22:50:26,976 | INFO | Loading missionary details for James William VanOrden
2026-05-28 22:50:26,992 | INFO | Loading documents for missionary ID 3
2026-05-28 22:50:27,010 | INFO | Loaded 0 documents for missionary ID 3
2026-05-29 13:58:46,734 | INFO | Processing upload: YOUR PDF PATH HERE
2026-05-29 13:58:46,734 | WARNING | Unsupported file type: 
2026-05-29 14:03:01,893 | INFO | Processing upload: C:\Users\PerúLimaCentralMissi\Downloads\testingfile.pdf
2026-05-29 14:03:02,351 | INFO | Saved processed page: test_output\page_1.png
2026-05-29 14:03:02,833 | INFO | Saved processed page: test_output\page_2.png
2026-05-29 15:04:26,266 | INFO | Processing upload: C:\Users\PerúLimaCentralMissi\Downloads\testingfile.pdf
2026-05-29 15:04:26,853 | INFO | OCR cleaned image: test_output\page_1.png
2026-05-29 15:04:26,855 | INFO | Saved processed page: test_output\page_1.png
2026-05-29 15:04:27,393 | INFO | OCR cleaned image: test_output\page_2.png
2026-05-29 15:04:27,393 | INFO | Saved processed page: test_output\page_2.png
2026-05-29 15:11:00,538 | INFO | Processing upload: C:\Users\PerúLimaCentralMissi\Downloads\testingfile.pdf
2026-05-29 15:11:01,223 | INFO | OCR cleaned image: test_output\page_1.png
2026-05-29 15:11:01,223 | INFO | Detected deskew angle: 0.0
2026-05-29 15:11:01,239 | INFO | Saved processed page: test_output\page_1.png
2026-05-29 15:11:01,907 | INFO | OCR cleaned image: test_output\page_2.png
2026-05-29 15:11:01,907 | INFO | Detected deskew angle: 0.0
2026-05-29 15:11:01,914 | INFO | Saved processed page: test_output\page_2.png
2026-05-29 15:15:19,413 | INFO | Processing upload: C:\Users\PerúLimaCentralMissi\Downloads\testingfile.pdf
2026-05-29 15:15:20,959 | INFO | Calculated rotation angle: -0.9891637667613639
2026-05-29 15:15:21,020 | INFO | OCR cleaned image: test_output\page_1.png
2026-05-29 15:15:21,021 | INFO | Detected deskew angle: -0.9891637667613639
2026-05-29 15:15:21,026 | INFO | Saved processed page: test_output\page_1.png
2026-05-29 15:15:22,476 | INFO | Calculated rotation angle: 1.0169780307191734
2026-05-29 15:15:22,523 | INFO | OCR cleaned image: test_output\page_2.png
2026-05-29 15:15:22,523 | INFO | Detected deskew angle: 1.0169780307191734
2026-05-29 15:15:22,541 | INFO | Saved processed page: test_output\page_2.png
2026-05-29 15:16:11,662 | INFO | Processing upload: C:\Users\PerúLimaCentralMissi\Downloads\testingfile.pdf
2026-05-29 15:16:13,193 | INFO | Calculated rotation angle: -0.9891637667613639
2026-05-29 15:16:13,264 | INFO | OCR cleaned image: test_output\page_1.png
2026-05-29 15:16:13,265 | INFO | Detected deskew angle: -0.9891637667613639
2026-05-29 15:16:13,271 | INFO | Saved processed page: test_output\page_1.png
2026-05-29 15:16:14,680 | INFO | Calculated rotation angle: 1.0169780307191734
2026-05-29 15:16:14,740 | INFO | OCR cleaned image: test_output\page_2.png
2026-05-29 15:16:14,741 | INFO | Detected deskew angle: 1.0169780307191734
2026-05-29 15:16:14,747 | INFO | Saved processed page: test_output\page_2.png
2026-05-29 15:27:49,094 | INFO | Processing upload: C:\Users\PerúLimaCentralMissi\Downloads\testingfile.pdf
2026-05-29 15:27:50,597 | INFO | Calculated rotation angle: 8.506273404622014
2026-05-29 15:27:50,661 | INFO | OCR cleaned image: test_output\page_1.png
2026-05-29 15:27:50,661 | INFO | Detected deskew angle: 8.506273404622014
2026-05-29 15:27:50,667 | INFO | Saved processed page: test_output\page_1.png
2026-05-29 15:33:47,005 | INFO | Processing upload: C:\Users\PerúLimaCentralMissi\Downloads\testingfile.pdf
2026-05-29 15:33:47,566 | INFO | Calculated rotation angle: -0.0
2026-05-29 15:33:47,632 | INFO | OCR cleaned image: test_output\page_1.png
2026-05-29 15:33:47,633 | INFO | Detected deskew angle: -0.0
2026-05-29 15:33:47,646 | INFO | Saved processed page: test_output\page_1.png
2026-05-29 15:40:43,299 | INFO | Processing upload: C:\Users\PerúLimaCentralMissi\Downloads\testingfile.pdf
2026-05-29 15:40:43,736 | INFO | Largest contour area: 6218.0
2026-05-29 15:40:43,736 | WARNING | Detected contour too small
2026-05-29 15:40:43,885 | INFO | Calculated rotation angle: -0.0
2026-05-29 15:40:43,954 | INFO | OCR cleaned image: test_output\page_1.png
2026-05-29 15:40:43,954 | INFO | Final deskew angle: -0.0
2026-05-29 15:40:43,958 | INFO | Saved processed page: test_output\page_1.png
2026-05-29 15:43:03,198 | INFO | Processing upload: C:\Users\PerúLimaCentralMissi\Downloads\testingfile.pdf
2026-05-29 15:43:03,676 | INFO | Largest contour area: 20690.5
2026-05-29 15:43:03,676 | INFO | Document region detected and cropped
2026-05-29 15:43:03,809 | INFO | Calculated rotation angle: -0.0
2026-05-29 15:43:03,868 | INFO | OCR cleaned image: test_output\page_1.png
2026-05-29 15:43:03,868 | INFO | Final deskew angle: -0.0
2026-05-29 15:43:03,872 | INFO | Saved processed page: test_output\page_1.png
2026-05-29 15:43:29,261 | INFO | Processing upload: C:\Users\PerúLimaCentralMissi\Downloads\testingfile.pdf
2026-05-29 15:43:29,743 | INFO | Largest contour area: 20690.5
2026-05-29 15:43:29,743 | INFO | Document region detected and cropped
2026-05-29 15:43:29,876 | INFO | Calculated rotation angle: -0.0
2026-05-29 15:43:29,931 | INFO | OCR cleaned image: test_output\page_1.png
2026-05-29 15:43:29,932 | INFO | Final deskew angle: -0.0
2026-05-29 15:43:29,936 | INFO | Saved processed page: test_output\page_1.png
2026-05-29 15:44:36,901 | INFO | Processing upload: C:\Users\PerúLimaCentralMissi\Downloads\testingfile.pdf
2026-05-29 15:44:37,467 | INFO | Largest contour area: 21162.5
2026-05-29 15:44:37,467 | INFO | Document region detected and cropped
2026-05-29 15:44:37,486 | INFO | Calculated rotation angle: -0.0
2026-05-29 15:44:37,492 | INFO | OCR cleaned image: test_output\page_1.png
2026-05-29 15:44:37,492 | INFO | Final deskew angle: -0.0
2026-05-29 15:44:37,493 | INFO | Saved processed page: test_output\page_1.png
2026-05-29 15:44:38,034 | INFO | Largest contour area: 104763.5
2026-05-29 15:44:38,034 | INFO | Document region detected and cropped
2026-05-29 15:44:38,050 | INFO | Calculated rotation angle: -1.30963134765625
2026-05-29 15:44:38,061 | INFO | OCR cleaned image: test_output\page_2.png
2026-05-29 15:44:38,061 | INFO | Final deskew angle: -1.30963134765625
2026-05-29 15:44:38,061 | INFO | Saved processed page: test_output\page_2.png
2026-05-29 17:33:33,440 | INFO | Initializing PaddleOCR
2026-05-29 17:33:57,856 | INFO | HTTP Request: GET https://huggingface.co/api/models/PaddlePaddle/PP-LCNet_x1_0_doc_ori/revision/main "HTTP/1.1 200 OK"
2026-05-29 17:33:58,005 | INFO | HTTP Request: HEAD https://huggingface.co/PaddlePaddle/PP-LCNet_x1_0_doc_ori/resolve/d3b95a6dff5fe8a94f2748e12b61cb26818a0df8/README.md "HTTP/1.1 307 Temporary Redirect"
2026-05-29 17:33:58,005 | INFO | HTTP Request: HEAD https://huggingface.co/api/resolve-cache/models/PaddlePaddle/PP-LCNet_x1_0_doc_ori/d3b95a6dff5fe8a94f2748e12b61cb26818a0df8/README.md "HTTP/1.1 200 OK"
2026-05-29 17:33:58,025 | INFO | HTTP Request: GET https://huggingface.co/api/resolve-cache/models/PaddlePaddle/PP-LCNet_x1_0_doc_ori/d3b95a6dff5fe8a94f2748e12b61cb26818a0df8/README.md "HTTP/1.1 200 OK"
2026-05-29 17:33:58,076 | INFO | HTTP Request: HEAD https://huggingface.co/PaddlePaddle/PP-LCNet_x1_0_doc_ori/resolve/d3b95a6dff5fe8a94f2748e12b61cb26818a0df8/.gitattributes "HTTP/1.1 307 Temporary Redirect"
2026-05-29 17:33:58,078 | INFO | HTTP Request: HEAD https://huggingface.co/PaddlePaddle/PP-LCNet_x1_0_doc_ori/resolve/d3b95a6dff5fe8a94f2748e12b61cb26818a0df8/inference.yml "HTTP/1.1 307 Temporary Redirect"
2026-05-29 17:33:58,087 | INFO | HTTP Request: HEAD https://huggingface.co/api/resolve-cache/models/PaddlePaddle/PP-LCNet_x1_0_doc_ori/d3b95a6dff5fe8a94f2748e12b61cb26818a0df8/.gitattributes "HTTP/1.1 200 OK"
2026-05-29 17:33:58,091 | INFO | HTTP Request: HEAD https://huggingface.co/PaddlePaddle/PP-LCNet_x1_0_doc_ori/resolve/d3b95a6dff5fe8a94f2748e12b61cb26818a0df8/config.json "HTTP/1.1 307 Temporary Redirect"
2026-05-29 17:33:58,091 | INFO | HTTP Request: HEAD https://huggingface.co/api/resolve-cache/models/PaddlePaddle/PP-LCNet_x1_0_doc_ori/d3b95a6dff5fe8a94f2748e12b61cb26818a0df8/inference.yml "HTTP/1.1 200 OK"
2026-05-29 17:33:58,101 | INFO | HTTP Request: HEAD https://huggingface.co/api/resolve-cache/models/PaddlePaddle/PP-LCNet_x1_0_doc_ori/d3b95a6dff5fe8a94f2748e12b61cb26818a0df8/config.json "HTTP/1.1 200 OK"
2026-05-29 17:33:58,102 | INFO | HTTP Request: GET https://huggingface.co/api/resolve-cache/models/PaddlePaddle/PP-LCNet_x1_0_doc_ori/d3b95a6dff5fe8a94f2748e12b61cb26818a0df8/.gitattributes "HTTP/1.1 200 OK"
2026-05-29 17:33:58,114 | INFO | HTTP Request: GET https://huggingface.co/api/resolve-cache/models/PaddlePaddle/PP-LCNet_x1_0_doc_ori/d3b95a6dff5fe8a94f2748e12b61cb26818a0df8/inference.yml "HTTP/1.1 200 OK"
2026-05-29 17:33:58,119 | INFO | HTTP Request: GET https://huggingface.co/api/resolve-cache/models/PaddlePaddle/PP-LCNet_x1_0_doc_ori/d3b95a6dff5fe8a94f2748e12b61cb26818a0df8/config.json "HTTP/1.1 200 OK"
2026-05-29 17:33:58,123 | INFO | HTTP Request: HEAD https://huggingface.co/PaddlePaddle/PP-LCNet_x1_0_doc_ori/resolve/d3b95a6dff5fe8a94f2748e12b61cb26818a0df8/inference.json "HTTP/1.1 307 Temporary Redirect"
2026-05-29 17:33:58,131 | INFO | HTTP Request: HEAD https://huggingface.co/api/resolve-cache/models/PaddlePaddle/PP-LCNet_x1_0_doc_ori/d3b95a6dff5fe8a94f2748e12b61cb26818a0df8/inference.json "HTTP/1.1 200 OK"
2026-05-29 17:33:58,142 | INFO | HTTP Request: HEAD https://huggingface.co/PaddlePaddle/PP-LCNet_x1_0_doc_ori/resolve/d3b95a6dff5fe8a94f2748e12b61cb26818a0df8/inference.pdiparams "HTTP/1.1 302 Found"
2026-05-29 17:33:58,142 | INFO | HTTP Request: GET https://huggingface.co/api/resolve-cache/models/PaddlePaddle/PP-LCNet_x1_0_doc_ori/d3b95a6dff5fe8a94f2748e12b61cb26818a0df8/inference.json "HTTP/1.1 200 OK"
2026-05-29 17:33:59,521 | INFO | HTTP Request: GET https://huggingface.co/api/models/PaddlePaddle/PP-LCNet_x1_0_doc_ori/xet-read-token/d3b95a6dff5fe8a94f2748e12b61cb26818a0df8 "HTTP/1.1 200 OK"
2026-05-29 18:29:32,795 | INFO | Initializing PaddleOCR
2026-05-29 19:01:37,247 | INFO | Initializing PaddleOCR
2026-05-29 19:01:47,323 | INFO | HTTP Request: GET https://huggingface.co/api/models/PaddlePaddle/PP-LCNet_x1_0_doc_ori/revision/main "HTTP/1.1 200 OK"
2026-05-29 19:01:47,548 | INFO | HTTP Request: HEAD https://huggingface.co/PaddlePaddle/PP-LCNet_x1_0_doc_ori/resolve/d3b95a6dff5fe8a94f2748e12b61cb26818a0df8/inference.json "HTTP/1.1 307 Temporary Redirect"
2026-05-29 19:01:47,613 | INFO | HTTP Request: HEAD https://huggingface.co/api/resolve-cache/models/PaddlePaddle/PP-LCNet_x1_0_doc_ori/d3b95a6dff5fe8a94f2748e12b61cb26818a0df8/inference.json "HTTP/1.1 200 OK"
2026-05-29 19:01:47,649 | INFO | HTTP Request: HEAD https://huggingface.co/PaddlePaddle/PP-LCNet_x1_0_doc_ori/resolve/d3b95a6dff5fe8a94f2748e12b61cb26818a0df8/inference.yml "HTTP/1.1 307 Temporary Redirect"
2026-05-29 19:01:47,652 | INFO | HTTP Request: GET https://huggingface.co/api/resolve-cache/models/PaddlePaddle/PP-LCNet_x1_0_doc_ori/d3b95a6dff5fe8a94f2748e12b61cb26818a0df8/inference.json "HTTP/1.1 200 OK"
2026-05-29 19:01:47,686 | INFO | HTTP Request: HEAD https://huggingface.co/api/resolve-cache/models/PaddlePaddle/PP-LCNet_x1_0_doc_ori/d3b95a6dff5fe8a94f2748e12b61cb26818a0df8/inference.yml "HTTP/1.1 200 OK"
2026-05-29 19:01:47,743 | INFO | HTTP Request: HEAD https://huggingface.co/PaddlePaddle/PP-LCNet_x1_0_doc_ori/resolve/d3b95a6dff5fe8a94f2748e12b61cb26818a0df8/inference.pdiparams "HTTP/1.1 302 Found"
2026-05-29 19:01:47,793 | INFO | HTTP Request: GET https://huggingface.co/api/resolve-cache/models/PaddlePaddle/PP-LCNet_x1_0_doc_ori/d3b95a6dff5fe8a94f2748e12b61cb26818a0df8/inference.yml "HTTP/1.1 200 OK"
2026-05-29 19:01:47,793 | INFO | HTTP Request: HEAD https://huggingface.co/PaddlePaddle/PP-LCNet_x1_0_doc_ori/resolve/d3b95a6dff5fe8a94f2748e12b61cb26818a0df8/config.json "HTTP/1.1 307 Temporary Redirect"
2026-05-29 19:01:47,793 | INFO | HTTP Request: HEAD https://huggingface.co/PaddlePaddle/PP-LCNet_x1_0_doc_ori/resolve/d3b95a6dff5fe8a94f2748e12b61cb26818a0df8/.gitattributes "HTTP/1.1 307 Temporary Redirect"
2026-05-29 19:01:47,863 | INFO | HTTP Request: HEAD https://huggingface.co/PaddlePaddle/PP-LCNet_x1_0_doc_ori/resolve/d3b95a6dff5fe8a94f2748e12b61cb26818a0df8/README.md "HTTP/1.1 307 Temporary Redirect"
2026-05-29 19:01:47,872 | INFO | HTTP Request: HEAD https://huggingface.co/api/resolve-cache/models/PaddlePaddle/PP-LCNet_x1_0_doc_ori/d3b95a6dff5fe8a94f2748e12b61cb26818a0df8/config.json "HTTP/1.1 200 OK"
2026-05-29 19:01:47,872 | INFO | HTTP Request: HEAD https://huggingface.co/api/resolve-cache/models/PaddlePaddle/PP-LCNet_x1_0_doc_ori/d3b95a6dff5fe8a94f2748e12b61cb26818a0df8/.gitattributes "HTTP/1.1 200 OK"
2026-05-29 19:01:47,937 | INFO | HTTP Request: GET https://huggingface.co/api/resolve-cache/models/PaddlePaddle/PP-LCNet_x1_0_doc_ori/d3b95a6dff5fe8a94f2748e12b61cb26818a0df8/config.json "HTTP/1.1 200 OK"
2026-05-29 19:01:47,937 | INFO | HTTP Request: HEAD https://huggingface.co/api/resolve-cache/models/PaddlePaddle/PP-LCNet_x1_0_doc_ori/d3b95a6dff5fe8a94f2748e12b61cb26818a0df8/README.md "HTTP/1.1 200 OK"
2026-05-29 19:01:47,937 | INFO | HTTP Request: GET https://huggingface.co/api/resolve-cache/models/PaddlePaddle/PP-LCNet_x1_0_doc_ori/d3b95a6dff5fe8a94f2748e12b61cb26818a0df8/.gitattributes "HTTP/1.1 200 OK"
2026-05-29 19:01:47,978 | INFO | HTTP Request: GET https://huggingface.co/api/models/PaddlePaddle/PP-LCNet_x1_0_doc_ori/xet-read-token/d3b95a6dff5fe8a94f2748e12b61cb26818a0df8 "HTTP/1.1 200 OK"
2026-05-29 19:01:48,031 | INFO | HTTP Request: GET https://huggingface.co/api/resolve-cache/models/PaddlePaddle/PP-LCNet_x1_0_doc_ori/d3b95a6dff5fe8a94f2748e12b61cb26818a0df8/README.md "HTTP/1.1 200 OK"
2026-05-29 19:33:32,153 | INFO | Processing upload: C:\Users\PerúLimaCentralMissi\Downloads\testingfile.pdf
2026-05-29 19:33:32,874 | INFO | Largest contour area: 21162.5
2026-05-29 19:33:32,874 | INFO | Document region detected and cropped
2026-05-29 19:33:32,874 | INFO | Calculated rotation angle: -90.0
2026-05-29 19:33:32,896 | INFO | OCR cleaned image: test_output\page_1.png
2026-05-29 19:33:32,896 | INFO | Final deskew angle: -90.0
2026-05-29 19:33:32,896 | INFO | Saved processed page: test_output\page_1.png
2026-05-29 19:33:33,577 | INFO | Largest contour area: 104763.5
2026-05-29 19:33:33,577 | INFO | Document region detected and cropped
2026-05-29 19:33:33,577 | INFO | Calculated rotation angle: -1.309631109237671
2026-05-29 19:33:33,598 | INFO | OCR cleaned image: test_output\page_2.png
2026-05-29 19:33:33,598 | INFO | Final deskew angle: -1.309631109237671
2026-05-29 19:33:33,598 | INFO | Saved processed page: test_output\page_2.png
2026-05-29 19:39:32,946 | INFO | Processing upload: C:\Users\PerúLimaCentralMissi\Downloads\testingfile.pdf
2026-05-29 19:41:11,366 | INFO | Processing upload: C:\Users\PerúLimaCentralMissi\Downloads\testingfile.pdf
2026-05-29 19:41:12,057 | INFO | OCR cleaned image: test_output\page_1.png
2026-05-29 19:41:12,071 | INFO | Saved processed page: test_output\page_1.png
2026-05-30 11:26:01,036 | INFO | Processing upload: C:\Users\PerúLimaCentralMissi\Downloads\testingfile.pdf
2026-05-30 11:26:01,720 | INFO | OCR image prepared: test_output\page_1.png
2026-05-30 11:26:01,725 | INFO | Saved processed page: test_output\page_1.png
2026-05-30 13:01:38,570 | INFO | Initialized OneDrive root folders
2026-05-30 13:01:38,570 | INFO | Initialized OneDrive root folders
2026-05-30 13:01:38,570 | INFO | Initialized MissionariesPage
2026-05-30 13:01:38,614 | INFO | Loaded active missionaries
2026-05-30 13:01:38,615 | INFO | Loaded 2 missionaries into table
2026-05-30 13:01:38,615 | INFO | Initializing MissionaryDetailPage
2026-05-30 13:01:38,615 | INFO | Initialized OneDrive root folders
2026-05-30 13:01:38,615 | INFO | Initialized OneDrive root folders
2026-05-30 13:01:38,615 | INFO | Initialized OneDrive root folders
2026-05-30 13:01:43,184 | INFO | Loaded active missionaries
2026-05-30 13:01:43,184 | INFO | Opening detail page for missionary: thatonenewguynamed Steve
2026-05-30 13:01:43,184 | INFO | Loading missionary details for thatonenewguynamed Steve
2026-05-30 13:01:43,184 | INFO | Loading documents for missionary ID 1
2026-05-30 13:01:43,184 | INFO | Loaded 0 documents for missionary ID 1
2026-05-30 13:01:45,057 | INFO | Starting document upload for thatonenewguynamed Steve
2026-05-30 13:02:11,795 | INFO | Uploading document PASSPORT.pdf for missionary thatonenewguynamed Steve
2026-05-30 13:02:11,808 | INFO | Successfully uploaded PASSPORT.pdf for missionary thatonenewguynamed Steve
2026-05-30 13:02:11,812 | INFO | Uploaded document PASSPORT for missionary thatonenewguynamed Steve
2026-05-30 13:02:11,812 | INFO | Loading documents for missionary ID 1
2026-05-30 13:02:11,817 | INFO | Loaded 1 documents for missionary ID 1
2026-05-30 13:34:59,258 | INFO | Initialized OneDrive root folders
2026-05-30 13:34:59,258 | INFO | Initialized OneDrive root folders
2026-05-30 13:34:59,273 | INFO | Initialized MissionariesPage
2026-05-30 13:34:59,314 | INFO | Loaded active missionaries
2026-05-30 13:34:59,315 | INFO | Loaded 2 missionaries into table
2026-05-30 13:34:59,315 | INFO | Initializing MissionaryDetailPage
2026-05-30 13:34:59,316 | INFO | Initialized OneDrive root folders
2026-05-30 13:34:59,316 | INFO | Initialized OneDrive root folders
2026-05-30 13:34:59,317 | INFO | Initialized OneDrive root folders
2026-05-30 13:35:03,157 | INFO | Loaded active missionaries
2026-05-30 13:35:03,157 | INFO | Opening detail page for missionary: thatonenewguynamed Steve
2026-05-30 13:35:03,157 | INFO | Loading missionary details for thatonenewguynamed Steve
2026-05-30 13:35:03,157 | INFO | Loading documents for missionary ID 1
2026-05-30 13:35:03,157 | INFO | Loaded 1 documents for missionary ID 1
2026-05-30 13:35:05,891 | INFO | Starting document upload for thatonenewguynamed Steve
2026-05-30 23:12:15,929 | INFO | Initialized OneDrive root folders
2026-05-30 23:12:15,929 | INFO | Initialized OneDrive root folders
2026-05-30 23:12:15,929 | INFO | Initialized MissionariesPage
2026-05-30 23:12:16,119 | INFO | Loaded active missionaries
2026-05-30 23:12:16,120 | INFO | Loaded 2 missionaries into table
2026-05-30 23:12:16,120 | INFO | Initializing MissionaryDetailPage
2026-05-30 23:12:16,120 | INFO | Initialized OneDrive root folders
2026-05-30 23:12:16,120 | INFO | Initialized OneDrive root folders
2026-05-30 23:12:16,120 | INFO | Initialized OneDrive root folders
2026-05-30 23:16:13,509 | INFO | Initialized OneDrive root folders
2026-05-30 23:16:13,509 | INFO | Initialized OneDrive root folders
2026-05-30 23:16:13,509 | INFO | Initialized MissionariesPage
2026-05-30 23:16:13,535 | INFO | Loaded active missionaries
2026-05-30 23:16:13,535 | INFO | Loaded 2 missionaries into table
2026-05-30 23:16:13,535 | INFO | Initializing MissionaryDetailPage
2026-05-30 23:16:13,535 | INFO | Initialized OneDrive root folders
2026-05-30 23:16:13,535 | INFO | Initialized OneDrive root folders
2026-05-30 23:16:13,535 | INFO | Initialized OneDrive root folders
2026-05-30 23:16:40,289 | INFO | Loaded active missionaries
2026-05-30 23:16:40,289 | INFO | Opening detail page for missionary: thatonenewguynamed Steve
2026-05-30 23:16:40,290 | INFO | Loading missionary details for thatonenewguynamed Steve
2026-05-30 23:16:40,292 | INFO | Loading documents for missionary ID 1
2026-05-30 23:16:40,294 | INFO | Loaded 1 documents for missionary ID 1
2026-05-30 23:16:42,837 | INFO | Starting document upload for thatonenewguynamed Steve
2026-05-30 23:25:30,956 | INFO | Initialized OneDrive root folders
2026-05-30 23:25:30,957 | INFO | Initialized OneDrive root folders
2026-05-30 23:25:30,957 | INFO | Initialized MissionariesPage
2026-05-30 23:25:30,990 | INFO | Loaded active missionaries
2026-05-30 23:25:30,990 | INFO | Loaded 2 missionaries into table
2026-05-30 23:25:30,990 | INFO | Initializing MissionaryDetailPage
2026-05-30 23:25:30,990 | INFO | Initialized OneDrive root folders
2026-05-30 23:25:30,991 | INFO | Initialized OneDrive root folders
2026-05-30 23:25:30,991 | INFO | Initialized OneDrive root folders
2026-05-30 23:28:05,423 | INFO | Loaded active missionaries
2026-05-30 23:28:05,425 | INFO | Opening detail page for missionary: thatonenewguynamed Steve
2026-05-30 23:28:05,425 | INFO | Loading missionary details for thatonenewguynamed Steve
2026-05-30 23:28:05,428 | INFO | Loading documents for missionary ID 1
2026-05-30 23:28:05,431 | INFO | Loaded 1 documents for missionary ID 1
2026-05-30 23:34:28,317 | INFO | Dashboard data loaded
2026-05-30 23:34:28,318 | INFO | Initialized OneDrive root folders
2026-05-30 23:34:28,318 | INFO | Initialized OneDrive root folders
2026-05-30 23:34:28,318 | INFO | Initialized MissionariesPage
2026-05-30 23:34:28,347 | INFO | Loaded active missionaries
2026-05-30 23:34:28,347 | INFO | Loaded 2 missionaries into table
2026-05-30 23:34:28,347 | INFO | Initializing MissionaryDetailPage
2026-05-30 23:34:28,348 | INFO | Initialized OneDrive root folders
2026-05-30 23:34:28,348 | INFO | Initialized OneDrive root folders
2026-05-30 23:34:28,348 | INFO | Initialized OneDrive root folders
2026-05-30 23:34:28,387 | INFO | Dashboard data loaded
2026-05-30 23:35:10,096 | INFO | Dashboard data loaded
2026-05-30 23:40:28,081 | INFO | Dashboard data loaded
2026-05-30 23:40:28,082 | INFO | Initialized OneDrive root folders
2026-05-30 23:40:28,082 | INFO | Initialized OneDrive root folders
2026-05-30 23:40:28,082 | INFO | Initialized MissionariesPage
2026-05-30 23:40:28,106 | INFO | Loaded active missionaries
2026-05-30 23:40:28,106 | INFO | Loaded 2 missionaries into table
2026-05-30 23:40:28,106 | INFO | Initializing MissionaryDetailPage
2026-05-30 23:40:28,106 | INFO | Initialized OneDrive root folders
2026-05-30 23:40:28,106 | INFO | Initialized OneDrive root folders
2026-05-30 23:40:28,106 | INFO | Initialized OneDrive root folders
2026-05-30 23:40:28,145 | INFO | Dashboard data loaded
2026-05-30 23:44:09,357 | INFO | Dashboard data loaded
2026-05-30 23:44:12,313 | INFO | Dashboard data loaded
2026-05-30 23:44:12,313 | INFO | Initialized OneDrive root folders
2026-05-30 23:44:12,313 | INFO | Initialized OneDrive root folders
2026-05-30 23:44:12,313 | INFO | Initialized MissionariesPage
2026-05-30 23:44:12,336 | INFO | Loaded active missionaries
2026-05-30 23:44:12,337 | INFO | Loaded 2 missionaries into table
2026-05-30 23:44:12,337 | INFO | Initializing MissionaryDetailPage
2026-05-30 23:44:12,337 | INFO | Initialized OneDrive root folders
2026-05-30 23:44:12,337 | INFO | Initialized OneDrive root folders
2026-05-30 23:44:12,337 | INFO | Initialized OneDrive root folders
2026-05-30 23:44:12,376 | INFO | Dashboard data loaded
2026-05-30 23:45:01,174 | INFO | Initialized OneDrive root folders
2026-05-30 23:45:01,175 | INFO | Initialized OneDrive root folders
2026-05-30 23:45:01,175 | INFO | Opened Add Missionary dialog
2026-05-30 23:46:03,082 | INFO | Created missionary root folder: /home/runner/mission_data/ACTIVE/James William VanOrden
2026-05-30 23:46:03,082 | INFO | Created system folder: /home/runner/mission_data/ACTIVE/James William VanOrden/RAW_SCANS
2026-05-30 23:46:03,082 | INFO | Created system folder: /home/runner/mission_data/ACTIVE/James William VanOrden/OCR_PROCESSED
2026-05-30 23:46:03,082 | INFO | Created workflow folder: /home/runner/mission_data/ACTIVE/James William VanOrden/INTERPOL
2026-05-30 23:46:03,083 | INFO | Created workflow folder: /home/runner/mission_data/ACTIVE/James William VanOrden/CARNET DE EXTRANJERIA
2026-05-30 23:46:03,083 | INFO | Created workflow folder: /home/runner/mission_data/ACTIVE/James William VanOrden/PRORROGA
2026-05-30 23:46:03,083 | INFO | Created workflow folder: /home/runner/mission_data/ACTIVE/James William VanOrden/CANCELACION
2026-05-30 23:46:03,124 | INFO | Initialized workflows for missionary ID 4
2026-05-30 23:46:03,124 | INFO | Created missionary: James William VanOrden
2026-05-30 23:46:03,125 | INFO | Successfully created missionary from dialog: James William VanOrden
2026-05-30 23:46:03,126 | INFO | Missionary created successfully
2026-05-30 23:46:03,127 | INFO | Loaded active missionaries
2026-05-30 23:46:03,128 | INFO | Loaded 3 missionaries into table
2026-05-30 23:46:05,450 | INFO | Opening detail page for missionary: James William VanOrden
2026-05-30 23:46:05,450 | INFO | Loading missionary details for James William VanOrden
2026-05-30 23:46:05,453 | INFO | Loading documents for missionary ID 4
2026-05-30 23:46:05,454 | INFO | Loaded 0 documents for missionary ID 4
2026-05-30 23:47:32,208 | INFO | Dashboard data loaded
2026-05-30 23:55:23,731 | INFO | Dashboard data loaded
2026-05-30 23:55:25,836 | INFO | Dashboard data loaded
2026-05-30 23:55:28,405 | INFO | Initialized OneDrive root folders
2026-05-30 23:55:28,405 | INFO | Initialized OneDrive root folders
2026-05-30 23:55:28,405 | INFO | Opened Add Missionary dialog
2026-05-30 23:55:32,990 | INFO | Initialized OneDrive root folders
2026-05-30 23:55:32,991 | INFO | Initialized OneDrive root folders
2026-05-30 23:55:32,991 | INFO | Opened Add Missionary dialog
2026-05-30 23:55:38,460 | INFO | Opening detail page for missionary: James William VanOrden
2026-05-30 23:55:38,460 | INFO | Loading missionary details for James William VanOrden
2026-05-30 23:55:38,461 | INFO | Loading documents for missionary ID 4
2026-05-30 23:55:38,462 | INFO | Loaded 0 documents for missionary ID 4
2026-05-31 01:49:42,790 | ERROR | Failed to load dashboard data
Traceback (most recent call last):
  File "/home/runner/workspace/.pythonlibs/lib/python3.12/site-packages/sqlalchemy/engine/base.py", line 1969, in _exec_single_context
    self.dialect.do_execute(
  File "/home/runner/workspace/.pythonlibs/lib/python3.12/site-packages/sqlalchemy/engine/default.py", line 952, in do_execute
    cursor.execute(statement, parameters)
sqlite3.OperationalError: no such column: documents.notes

The above exception was the direct cause of the following exception:

Traceback (most recent call last):
  File "/home/runner/workspace/services/dashboard_service.py", line 95, in get_summary
    .all()
     ^^^^^
  File "/home/runner/workspace/.pythonlibs/lib/python3.12/site-packages/sqlalchemy/orm/query.py", line 2711, in all
    return self._iter().all()  # type: ignore
           ^^^^^^^^^^^^
  File "/home/runner/workspace/.pythonlibs/lib/python3.12/site-packages/sqlalchemy/orm/query.py", line 2864, in _iter
    result: Union[ScalarResult[_T], Result[_T]] = self.session.execute(
                                                  ^^^^^^^^^^^^^^^^^^^^^
  File "/home/runner/workspace/.pythonlibs/lib/python3.12/site-packages/sqlalchemy/orm/session.py", line 2372, in execute
    return self._execute_internal(
           ^^^^^^^^^^^^^^^^^^^^^^^
  File "/home/runner/workspace/.pythonlibs/lib/python3.12/site-packages/sqlalchemy/orm/session.py", line 2270, in _execute_internal
    result: Result[Any] = compile_state_cls.orm_execute_statement(
                          ^^^^^^^^^^^^^^^^^^^^^^^^^^^^^^^^^^^^^^^^
  File "/home/runner/workspace/.pythonlibs/lib/python3.12/site-packages/sqlalchemy/orm/context.py", line 306, in orm_execute_statement
    result = conn.execute(
             ^^^^^^^^^^^^^
  File "/home/runner/workspace/.pythonlibs/lib/python3.12/site-packages/sqlalchemy/engine/base.py", line 1421, in execute
    return meth(
           ^^^^^
  File "/home/runner/workspace/.pythonlibs/lib/python3.12/site-packages/sqlalchemy/sql/elements.py", line 526, in _execute_on_connection
    return connection._execute_clauseelement(
           ^^^^^^^^^^^^^^^^^^^^^^^^^^^^^^^^^^
  File "/home/runner/workspace/.pythonlibs/lib/python3.12/site-packages/sqlalchemy/engine/base.py", line 1643, in _execute_clauseelement
    ret = self._execute_context(
          ^^^^^^^^^^^^^^^^^^^^^^
  File "/home/runner/workspace/.pythonlibs/lib/python3.12/site-packages/sqlalchemy/engine/base.py", line 1848, in _execute_context
    return self._exec_single_context(
           ^^^^^^^^^^^^^^^^^^^^^^^^^^
  File "/home/runner/workspace/.pythonlibs/lib/python3.12/site-packages/sqlalchemy/engine/base.py", line 1988, in _exec_single_context
    self._handle_dbapi_exception(
  File "/home/runner/workspace/.pythonlibs/lib/python3.12/site-packages/sqlalchemy/engine/base.py", line 2365, in _handle_dbapi_exception
    raise sqlalchemy_exception.with_traceback(exc_info[2]) from e
  File "/home/runner/workspace/.pythonlibs/lib/python3.12/site-packages/sqlalchemy/engine/base.py", line 1969, in _exec_single_context
    self.dialect.do_execute(
  File "/home/runner/workspace/.pythonlibs/lib/python3.12/site-packages/sqlalchemy/engine/default.py", line 952, in do_execute
    cursor.execute(statement, parameters)
sqlalchemy.exc.OperationalError: (sqlite3.OperationalError) no such column: documents.notes
[SQL: SELECT documents.id AS documents_id, documents.missionary_id AS documents_missionary_id, documents.document_type AS documents_document_type, documents.workflow_stage AS documents_workflow_stage, documents.verified AS documents_verified, documents.file_name AS documents_file_name, documents.file_path AS documents_file_path, documents.notes AS documents_notes, documents.uploaded_at AS documents_uploaded_at 
FROM documents]
(Background on this error at: https://sqlalche.me/e/20/e3q8)
2026-05-31 01:49:42,910 | INFO | Dashboard data loaded
2026-05-31 01:49:42,910 | INFO | Initialized OneDrive root folders
2026-05-31 01:49:42,910 | INFO | Initialized OneDrive root folders
2026-05-31 01:49:42,911 | INFO | Initialized MissionariesPage
2026-05-31 01:49:43,208 | INFO | Loaded active missionaries
2026-05-31 01:49:43,208 | INFO | Loaded 3 missionaries into table
2026-05-31 01:49:43,208 | INFO | Initializing MissionaryDetailPage
2026-05-31 01:49:43,208 | INFO | Initialized OneDrive root folders
2026-05-31 01:49:43,208 | INFO | Initialized OneDrive root folders
2026-05-31 01:49:43,209 | INFO | Initialized OneDrive root folders
2026-05-31 01:49:43,262 | ERROR | Failed to load dashboard data
Traceback (most recent call last):
  File "/home/runner/workspace/.pythonlibs/lib/python3.12/site-packages/sqlalchemy/engine/base.py", line 1969, in _exec_single_context
    self.dialect.do_execute(
  File "/home/runner/workspace/.pythonlibs/lib/python3.12/site-packages/sqlalchemy/engine/default.py", line 952, in do_execute
    cursor.execute(statement, parameters)
sqlite3.OperationalError: no such column: documents.notes

The above exception was the direct cause of the following exception:

Traceback (most recent call last):
  File "/home/runner/workspace/services/dashboard_service.py", line 95, in get_summary
    .all()
     ^^^^^
  File "/home/runner/workspace/.pythonlibs/lib/python3.12/site-packages/sqlalchemy/orm/query.py", line 2711, in all
    return self._iter().all()  # type: ignore
           ^^^^^^^^^^^^
  File "/home/runner/workspace/.pythonlibs/lib/python3.12/site-packages/sqlalchemy/orm/query.py", line 2864, in _iter
    result: Union[ScalarResult[_T], Result[_T]] = self.session.execute(
                                                  ^^^^^^^^^^^^^^^^^^^^^
  File "/home/runner/workspace/.pythonlibs/lib/python3.12/site-packages/sqlalchemy/orm/session.py", line 2372, in execute
    return self._execute_internal(
           ^^^^^^^^^^^^^^^^^^^^^^^
  File "/home/runner/workspace/.pythonlibs/lib/python3.12/site-packages/sqlalchemy/orm/session.py", line 2270, in _execute_internal
    result: Result[Any] = compile_state_cls.orm_execute_statement(
                          ^^^^^^^^^^^^^^^^^^^^^^^^^^^^^^^^^^^^^^^^
  File "/home/runner/workspace/.pythonlibs/lib/python3.12/site-packages/sqlalchemy/orm/context.py", line 306, in orm_execute_statement
    result = conn.execute(
             ^^^^^^^^^^^^^
  File "/home/runner/workspace/.pythonlibs/lib/python3.12/site-packages/sqlalchemy/engine/base.py", line 1421, in execute
    return meth(
           ^^^^^
  File "/home/runner/workspace/.pythonlibs/lib/python3.12/site-packages/sqlalchemy/sql/elements.py", line 526, in _execute_on_connection
    return connection._execute_clauseelement(
           ^^^^^^^^^^^^^^^^^^^^^^^^^^^^^^^^^^
  File "/home/runner/workspace/.pythonlibs/lib/python3.12/site-packages/sqlalchemy/engine/base.py", line 1643, in _execute_clauseelement
    ret = self._execute_context(
          ^^^^^^^^^^^^^^^^^^^^^^
  File "/home/runner/workspace/.pythonlibs/lib/python3.12/site-packages/sqlalchemy/engine/base.py", line 1848, in _execute_context
    return self._exec_single_context(
           ^^^^^^^^^^^^^^^^^^^^^^^^^^
  File "/home/runner/workspace/.pythonlibs/lib/python3.12/site-packages/sqlalchemy/engine/base.py", line 1988, in _exec_single_context
    self._handle_dbapi_exception(
  File "/home/runner/workspace/.pythonlibs/lib/python3.12/site-packages/sqlalchemy/engine/base.py", line 2365, in _handle_dbapi_exception
    raise sqlalchemy_exception.with_traceback(exc_info[2]) from e
  File "/home/runner/workspace/.pythonlibs/lib/python3.12/site-packages/sqlalchemy/engine/base.py", line 1969, in _exec_single_context
    self.dialect.do_execute(
  File "/home/runner/workspace/.pythonlibs/lib/python3.12/site-packages/sqlalchemy/engine/default.py", line 952, in do_execute
    cursor.execute(statement, parameters)
sqlalchemy.exc.OperationalError: (sqlite3.OperationalError) no such column: documents.notes
[SQL: SELECT documents.id AS documents_id, documents.missionary_id AS documents_missionary_id, documents.document_type AS documents_document_type, documents.workflow_stage AS documents_workflow_stage, documents.verified AS documents_verified, documents.file_name AS documents_file_name, documents.file_path AS documents_file_path, documents.notes AS documents_notes, documents.uploaded_at AS documents_uploaded_at 
FROM documents]
(Background on this error at: https://sqlalche.me/e/20/e3q8)
2026-05-31 01:49:43,266 | INFO | Dashboard data loaded
2026-05-31 01:50:55,209 | INFO | Dashboard data loaded
2026-05-31 01:50:55,209 | INFO | Initialized OneDrive root folders
2026-05-31 01:50:55,209 | INFO | Initialized OneDrive root folders
2026-05-31 01:50:55,210 | INFO | Initialized MissionariesPage
2026-05-31 01:50:55,235 | INFO | Loaded active missionaries
2026-05-31 01:50:55,235 | INFO | Loaded 3 missionaries into table
2026-05-31 01:50:55,236 | INFO | Initializing MissionaryDetailPage
2026-05-31 01:50:55,236 | INFO | Initialized OneDrive root folders
2026-05-31 01:50:55,236 | INFO | Initialized OneDrive root folders
2026-05-31 01:50:55,236 | INFO | Initialized OneDrive root folders
2026-05-31 01:50:55,282 | INFO | Dashboard data loaded
2026-05-31 01:50:55,324 | INFO | Dashboard data loaded
2026-05-31 01:53:42,910 | INFO | Dashboard data loaded
2026-05-31 01:53:42,911 | INFO | Initialized OneDrive root folders
2026-05-31 01:53:42,911 | INFO | Initialized OneDrive root folders
2026-05-31 01:53:42,911 | INFO | Initialized MissionariesPage
2026-05-31 01:53:42,935 | INFO | Loaded active missionaries
2026-05-31 01:53:42,935 | INFO | Loaded 3 missionaries into table
2026-05-31 01:53:42,936 | INFO | Initializing MissionaryDetailPage
2026-05-31 01:53:42,936 | INFO | Initialized OneDrive root folders
2026-05-31 01:53:42,936 | INFO | Initialized OneDrive root folders
2026-05-31 01:53:42,936 | INFO | Initialized OneDrive root folders
2026-05-31 01:53:42,981 | INFO | Dashboard data loaded
2026-05-31 01:53:43,022 | INFO | Dashboard data loaded
2026-05-31 01:53:43,849 | INFO | Showing 3 expiration alert(s)
2026-05-31 01:54:29,285 | INFO | Loaded active missionaries
2026-05-31 01:54:29,286 | INFO | Loaded 3 missionaries into table
2026-05-31 01:54:31,628 | INFO | Dashboard data loaded
2026-05-31 01:54:31,641 | INFO | Dashboard data loaded
2026-05-31 01:54:46,253 | INFO | Loaded active missionaries
2026-05-31 01:54:46,255 | INFO | Loaded 3 missionaries into table
2026-05-31 01:54:58,519 | INFO | Opening detail page for missionary: thatonenewguynamed Steve
2026-05-31 01:54:58,520 | INFO | Loading missionary details for thatonenewguynamed Steve
2026-05-31 01:54:58,524 | INFO | Loading documents for missionary ID 1
2026-05-31 01:54:58,526 | INFO | Loaded 1 documents for missionary ID 1
2026-05-31 01:55:15,140 | INFO | Advanced thatonenewguynamed Steve from INTERPOL to CARNET DE EXTRANJERIA
2026-05-31 01:55:15,143 | INFO | Loading missionary details for thatonenewguynamed Steve
2026-05-31 01:55:15,145 | INFO | Loading documents for missionary ID 1
2026-05-31 01:55:15,145 | INFO | Loaded 1 documents for missionary ID 1
2026-05-31 01:55:15,149 | INFO | Loaded active missionaries
2026-05-31 01:55:15,150 | INFO | Loaded 3 missionaries into table
2026-05-31 01:57:52,238 | INFO | Dashboard data loaded
2026-05-31 01:57:52,238 | INFO | Initialized OneDrive root folders
2026-05-31 01:57:52,238 | INFO | Initialized OneDrive root folders
2026-05-31 01:57:52,238 | INFO | Initialized MissionariesPage
2026-05-31 01:57:52,264 | INFO | Loaded active missionaries
2026-05-31 01:57:52,265 | INFO | Loaded 3 missionaries into table
2026-05-31 01:57:52,265 | INFO | Initializing MissionaryDetailPage
2026-05-31 01:57:52,265 | INFO | Initialized OneDrive root folders
2026-05-31 01:57:52,265 | INFO | Initialized OneDrive root folders
2026-05-31 01:57:52,265 | INFO | Initialized OneDrive root folders
2026-05-31 01:57:52,311 | INFO | Dashboard data loaded
2026-05-31 01:57:52,353 | INFO | Dashboard data loaded
2026-05-31 01:57:53,097 | INFO | Showing 3 expiration alert(s)
2026-05-31 01:58:56,756 | INFO | Dashboard data loaded
2026-05-31 01:58:58,970 | INFO | Loaded active missionaries
2026-05-31 01:58:58,971 | INFO | Loaded 3 missionaries into table
2026-05-31 01:59:00,165 | INFO | Opening detail page for missionary: thatonenewguynamed Steve
2026-05-31 01:59:00,165 | INFO | Loading missionary details for thatonenewguynamed Steve
2026-05-31 01:59:00,170 | INFO | Loading documents for missionary ID 1
2026-05-31 01:59:00,171 | INFO | Loaded 1 documents for missionary ID 1
2026-05-31 01:59:08,456 | INFO | Dashboard data loaded
2026-05-31 01:59:08,466 | INFO | Dashboard data loaded
2026-05-31 02:00:04,770 | INFO | Loaded active missionaries
2026-05-31 02:00:04,771 | INFO | Loaded 3 missionaries into table
2026-05-31 02:00:54,428 | INFO | Dashboard data loaded
2026-05-31 02:00:54,441 | INFO | Dashboard data loaded
2026-05-31 02:08:26,986 | INFO | Dashboard data loaded
2026-05-31 02:08:26,986 | INFO | Initialized OneDrive root folders
2026-05-31 02:08:26,986 | INFO | Initialized OneDrive root folders
2026-05-31 02:08:26,986 | INFO | Initialized MissionariesPage
2026-05-31 02:08:27,012 | INFO | Loaded active missionaries
2026-05-31 02:08:27,012 | INFO | Loaded 3 missionaries into table
2026-05-31 02:08:27,013 | INFO | Initializing MissionaryDetailPage
2026-05-31 02:08:27,013 | INFO | Initialized OneDrive root folders
2026-05-31 02:08:27,013 | INFO | Initialized OneDrive root folders
2026-05-31 02:08:27,013 | INFO | Initialized OneDrive root folders
2026-05-31 02:08:27,049 | INFO | Initialized OneDrive root folders
2026-05-31 02:08:27,049 | INFO | Initialized OneDrive root folders
2026-05-31 02:08:27,053 | INFO | Loaded 0 trashed missionaries
2026-05-31 02:08:27,087 | INFO | Dashboard data loaded
2026-05-31 02:08:27,132 | INFO | Dashboard data loaded
2026-05-31 02:08:27,877 | INFO | Showing 3 expiration alert(s)
2026-05-31 02:09:45,611 | INFO | Loaded active missionaries
2026-05-31 02:09:45,613 | INFO | Loaded 3 missionaries into table
2026-05-31 02:09:48,565 | INFO | Dashboard data loaded
2026-05-31 02:09:48,577 | INFO | Dashboard data loaded
2026-05-31 02:09:52,263 | INFO | Loaded active missionaries
2026-05-31 02:09:52,265 | INFO | Loaded 3 missionaries into table
2026-05-31 02:09:57,096 | INFO | Loaded active missionaries
2026-05-31 02:09:57,098 | INFO | Loaded 3 missionaries into table
2026-05-31 02:09:59,110 | INFO | Initialized OneDrive root folders
2026-05-31 02:09:59,111 | INFO | Initialized OneDrive root folders
2026-05-31 02:09:59,111 | INFO | Opened Add Missionary dialog
2026-06-01 20:03:14,412 | INFO | Dashboard data loaded
2026-06-01 20:03:14,413 | INFO | Initialized OneDrive root folders
2026-06-01 20:03:14,413 | INFO | Initialized OneDrive root folders
2026-06-01 20:03:14,413 | INFO | Initialized MissionariesPage
2026-06-01 20:03:14,735 | INFO | Loaded active missionaries
2026-06-01 20:03:14,736 | INFO | Loaded 3 missionaries into table
2026-06-01 20:03:14,736 | INFO | Initializing MissionaryDetailPage
2026-06-01 20:03:14,736 | INFO | Initialized OneDrive root folders
2026-06-01 20:03:14,736 | INFO | Initialized OneDrive root folders
2026-06-01 20:03:14,736 | INFO | Initialized OneDrive root folders
2026-06-01 20:03:14,768 | INFO | Initialized OneDrive root folders
2026-06-01 20:03:14,769 | INFO | Initialized OneDrive root folders
2026-06-01 20:03:14,773 | INFO | Loaded 0 trashed missionaries
2026-06-01 20:03:14,803 | INFO | Dashboard data loaded
2026-06-01 20:03:14,841 | INFO | Dashboard data loaded
2026-06-01 20:03:15,668 | INFO | Showing 3 expiration alert(s)
2026-06-01 15:35:30,331 | INFO | Dashboard data loaded
2026-06-01 15:35:30,340 | INFO | Initialized OneDrive root folders
2026-06-01 15:35:30,342 | INFO | Initialized OneDrive root folders
2026-06-01 15:35:30,342 | INFO | Initialized MissionariesPage
2026-06-01 15:35:30,953 | INFO | Loaded active missionaries
2026-06-01 15:35:30,954 | INFO | Loaded 3 missionaries into table
2026-06-01 15:35:30,954 | INFO | Initializing MissionaryDetailPage
2026-06-01 15:35:30,955 | INFO | Initialized OneDrive root folders
2026-06-01 15:35:30,956 | INFO | Initialized OneDrive root folders
2026-06-01 15:35:30,958 | INFO | Initialized OneDrive root folders
2026-06-01 15:35:31,008 | INFO | Initialized OneDrive root folders
2026-06-01 15:35:31,010 | INFO | Initialized OneDrive root folders
2026-06-01 15:35:31,015 | INFO | Loaded 0 trashed missionaries
2026-06-01 15:35:31,068 | INFO | Dashboard data loaded
2026-06-01 15:35:31,251 | INFO | Dashboard data loaded
2026-06-01 15:35:31,940 | INFO | Showing 3 expiration alert(s)
2026-06-01 15:35:44,058 | INFO | Loaded active missionaries
2026-06-01 15:35:44,064 | INFO | Loaded 3 missionaries into table
2026-06-01 15:35:46,512 | INFO | Loaded active missionaries
2026-06-01 15:35:46,512 | INFO | Loaded 3 missionaries into table
2026-06-01 15:35:48,539 | INFO | Dashboard data loaded
2026-06-01 15:35:48,543 | INFO | Dashboard data loaded
2026-06-01 15:35:48,991 | INFO | Loaded active missionaries
2026-06-01 15:35:48,994 | INFO | Loaded 3 missionaries into table
2026-06-01 15:35:54,247 | INFO | Loaded 0 trashed missionaries
2026-06-01 15:36:01,312 | INFO | Loaded 0 trashed missionaries
2026-06-01 15:36:09,146 | INFO | Loaded active missionaries
2026-06-01 15:36:09,152 | INFO | Loaded 3 missionaries into table
2026-06-01 15:37:43,599 | INFO | Opening detail page for missionary: thatonenewguynamed Steve
2026-06-01 15:37:43,600 | INFO | Loading missionary details for thatonenewguynamed Steve
2026-06-01 15:37:43,607 | INFO | Loading documents for missionary ID 1
2026-06-01 15:37:43,613 | INFO | Loaded 1 documents for missionary ID 1
2026-06-01 15:37:50,347 | INFO | Updated workflow INTERPOL to NOT STARTED
2026-06-01 15:37:50,357 | INFO | Updated current stage for missionary thatonenewguynamed Steve to NEW
2026-06-01 15:37:50,363 | INFO | Loading missionary details for thatonenewguynamed Steve
2026-06-01 15:37:50,365 | INFO | Loading documents for missionary ID 1
2026-06-01 15:37:50,366 | INFO | Loaded 1 documents for missionary ID 1
2026-06-01 15:38:02,444 | INFO | Updated workflow INTERPOL to NOT STARTED
2026-06-01 15:38:02,447 | INFO | Updated current stage for missionary thatonenewguynamed Steve to NEW
2026-06-01 15:38:02,449 | INFO | Loading missionary details for thatonenewguynamed Steve
2026-06-01 15:38:02,453 | INFO | Loading documents for missionary ID 1
2026-06-01 15:38:02,477 | INFO | Loaded 1 documents for missionary ID 1
2026-06-01 15:38:06,141 | INFO | Advanced thatonenewguynamed Steve from NEW to INTERPOL
2026-06-01 15:38:06,158 | INFO | Loading missionary details for thatonenewguynamed Steve
2026-06-01 15:38:06,162 | INFO | Loading documents for missionary ID 1
2026-06-01 15:38:06,162 | INFO | Loaded 1 documents for missionary ID 1
2026-06-01 15:38:06,198 | INFO | Loaded active missionaries
2026-06-01 15:38:06,200 | INFO | Loaded 3 missionaries into table
2026-06-01 15:40:23,643 | INFO | Updated workflow INTERPOL to NOT STARTED
2026-06-01 15:40:23,655 | INFO | Updated current stage for missionary thatonenewguynamed Steve to NEW
2026-06-01 15:40:23,658 | INFO | Loading missionary details for thatonenewguynamed Steve
2026-06-01 15:40:23,662 | INFO | Loading documents for missionary ID 1
2026-06-01 15:40:23,669 | INFO | Loaded 1 documents for missionary ID 1
2026-06-01 15:40:28,245 | INFO | Advanced thatonenewguynamed Steve from NEW to INTERPOL
2026-06-01 15:40:28,254 | INFO | Loading missionary details for thatonenewguynamed Steve
2026-06-01 15:40:28,262 | INFO | Loading documents for missionary ID 1
2026-06-01 15:40:28,264 | INFO | Loaded 1 documents for missionary ID 1
2026-06-01 15:40:28,298 | INFO | Loaded active missionaries
2026-06-01 15:40:28,300 | INFO | Loaded 3 missionaries into table
2026-06-01 15:40:53,504 | INFO | Loaded 0 trashed missionaries
2026-06-01 15:44:28,687 | INFO | Loaded 0 trashed missionaries
2026-06-01 15:44:33,845 | INFO | Loaded active missionaries
2026-06-01 15:44:33,850 | INFO | Loaded 3 missionaries into table
2026-06-01 15:44:35,030 | INFO | Loaded active missionaries
2026-06-01 15:44:35,033 | INFO | Loaded 3 missionaries into table
2026-06-01 15:45:10,302 | INFO | Opening detail page for missionary: James William VanOrden
2026-06-01 15:45:10,304 | INFO | Loading missionary details for James William VanOrden
2026-06-01 15:45:10,307 | INFO | Loading documents for missionary ID 4
2026-06-01 15:45:10,309 | INFO | Loaded 0 documents for missionary ID 4
2026-06-01 15:45:12,983 | ERROR | Failed to delete missionary ID 4
Traceback (most recent call last):
  File "C:\Local Apps\Mission-Legal-App(V2)\services\missionary_service.py", line 222, in delete_missionary
    trash_root.mkdir(
  File "C:\Users\PerúLimaCentralMissi\AppData\Local\Programs\Python\Python312\Lib\pathlib.py", line 1311, in mkdir
    os.mkdir(self, mode)
FileNotFoundError: [WinError 3] The system cannot find the path specified: '\\home\\runner\\mission_data\\TRASH PILE'
2026-06-01 15:45:15,612 | INFO | Dashboard data loaded
2026-06-01 15:45:15,629 | INFO | Dashboard data loaded
2026-06-01 15:45:15,951 | INFO | Loaded active missionaries
2026-06-01 15:45:15,953 | INFO | Loaded 3 missionaries into table
2026-06-01 15:45:17,017 | INFO | Opening detail page for missionary: James William VanOrden
2026-06-01 15:45:17,018 | INFO | Loading missionary details for James William VanOrden
2026-06-01 15:45:17,021 | INFO | Loading documents for missionary ID 3
2026-06-01 15:45:17,022 | INFO | Loaded 0 documents for missionary ID 3
2026-06-01 15:45:19,209 | INFO | Moved missionary folder to trash: C:\Users\PerúLimaCentralMissi\OneDrive - Church of Jesus Christ (1)\Sec. Visas\1. Visas Lima Central\1 DOCUMENTOS DE LEGALIZACIÓN - IMPORTANTE\TRASH PILE\James William VanOrden
2026-06-01 15:45:19,222 | INFO | Soft deleted missionary: James William VanOrden
2026-06-01 15:45:19,223 | INFO | Loaded active missionaries
2026-06-01 15:45:19,226 | INFO | Loaded 2 missionaries into table
2026-06-01 15:45:20,502 | INFO | Opening detail page for missionary: James William VanOrden
2026-06-01 15:45:20,502 | INFO | Loading missionary details for James William VanOrden
2026-06-01 15:45:20,511 | INFO | Loading documents for missionary ID 4
2026-06-01 15:45:20,513 | INFO | Loaded 0 documents for missionary ID 4
2026-06-01 15:45:22,478 | ERROR | Failed to delete missionary ID 4
Traceback (most recent call last):
  File "C:\Local Apps\Mission-Legal-App(V2)\services\missionary_service.py", line 222, in delete_missionary
    trash_root.mkdir(
  File "C:\Users\PerúLimaCentralMissi\AppData\Local\Programs\Python\Python312\Lib\pathlib.py", line 1311, in mkdir
    os.mkdir(self, mode)
FileNotFoundError: [WinError 3] The system cannot find the path specified: '\\home\\runner\\mission_data\\TRASH PILE'
2026-06-01 15:45:25,110 | INFO | Loaded active missionaries
2026-06-01 15:45:25,114 | INFO | Loaded 2 missionaries into table
2026-06-01 15:45:25,910 | INFO | Opening detail page for missionary: thatonenewguynamed Steve
2026-06-01 15:45:25,916 | INFO | Loading missionary details for thatonenewguynamed Steve
2026-06-01 15:45:25,919 | INFO | Loading documents for missionary ID 1
2026-06-01 15:45:25,922 | INFO | Loaded 1 documents for missionary ID 1
2026-06-01 15:45:27,799 | INFO | Moved missionary folder to trash: C:\Users\PerúLimaCentralMissi\OneDrive - Church of Jesus Christ (1)\Sec. Visas\1. Visas Lima Central\1 DOCUMENTOS DE LEGALIZACIÓN - IMPORTANTE\TRASH PILE\thatonenewguynamed Steve
2026-06-01 15:45:27,808 | INFO | Soft deleted missionary: thatonenewguynamed Steve
2026-06-01 15:45:27,809 | INFO | Loaded active missionaries
2026-06-01 15:45:27,809 | INFO | Loaded 1 missionaries into table
2026-06-01 15:45:28,849 | INFO | Opening detail page for missionary: James William VanOrden
2026-06-01 15:45:28,852 | INFO | Loading missionary details for James William VanOrden
2026-06-01 15:45:28,856 | INFO | Loading documents for missionary ID 4
2026-06-01 15:45:28,857 | INFO | Loaded 0 documents for missionary ID 4
2026-06-01 15:45:31,714 | ERROR | Failed to delete missionary ID 4
Traceback (most recent call last):
  File "C:\Local Apps\Mission-Legal-App(V2)\services\missionary_service.py", line 222, in delete_missionary
    trash_root.mkdir(
  File "C:\Users\PerúLimaCentralMissi\AppData\Local\Programs\Python\Python312\Lib\pathlib.py", line 1311, in mkdir
    os.mkdir(self, mode)
FileNotFoundError: [WinError 3] The system cannot find the path specified: '\\home\\runner\\mission_data\\TRASH PILE'
2026-06-01 15:45:34,110 | ERROR | Failed to delete missionary ID 4
Traceback (most recent call last):
  File "C:\Local Apps\Mission-Legal-App(V2)\services\missionary_service.py", line 222, in delete_missionary
    trash_root.mkdir(
  File "C:\Users\PerúLimaCentralMissi\AppData\Local\Programs\Python\Python312\Lib\pathlib.py", line 1311, in mkdir
    os.mkdir(self, mode)
FileNotFoundError: [WinError 3] The system cannot find the path specified: '\\home\\runner\\mission_data\\TRASH PILE'
2026-06-01 16:37:20,048 | INFO | Dashboard data loaded
2026-06-01 16:37:20,048 | INFO | Initialized OneDrive root folders
2026-06-01 16:37:20,052 | INFO | Initialized OneDrive root folders
2026-06-01 16:37:20,052 | INFO | Initialized MissionariesPage
2026-06-01 16:37:20,872 | INFO | Loaded active missionaries
2026-06-01 16:37:20,872 | INFO | Loaded 1 missionaries into table
2026-06-01 16:37:20,872 | INFO | Initializing MissionaryDetailPage
2026-06-01 16:37:20,876 | INFO | Initialized OneDrive root folders
2026-06-01 16:37:20,876 | INFO | Initialized OneDrive root folders
2026-06-01 16:37:20,878 | INFO | Initialized OneDrive root folders
2026-06-01 16:37:20,924 | INFO | Initialized OneDrive root folders
2026-06-01 16:37:20,924 | INFO | Initialized OneDrive root folders
2026-06-01 16:37:20,936 | INFO | Loaded 2 trashed missionaries
2026-06-01 16:37:20,973 | INFO | Dashboard data loaded
2026-06-01 16:37:21,124 | INFO | Dashboard data loaded
2026-06-01 16:37:21,822 | INFO | Showing 1 expiration alert(s)
2026-06-01 16:37:41,022 | INFO | Loaded active missionaries
2026-06-01 16:37:41,022 | INFO | Loaded 1 missionaries into table
2026-06-01 16:37:43,186 | INFO | Initialized OneDrive root folders
2026-06-01 16:37:43,195 | INFO | Initialized OneDrive root folders
2026-06-01 16:37:43,195 | INFO | Opened Add Missionary dialog
2026-06-01 16:37:47,052 | INFO | Opening detail page for missionary: James William VanOrden
2026-06-01 16:37:47,057 | INFO | Loading missionary details for James William VanOrden
2026-06-01 16:37:47,062 | INFO | Loading documents for missionary ID 4
2026-06-01 16:37:47,064 | INFO | Loaded 0 documents for missionary ID 4
2026-06-01 16:38:28,072 | INFO | Batch uploaded PASSPORT.pdf for James William VanOrden
2026-06-01 16:38:31,065 | INFO | Loading missionary details for James William VanOrden
2026-06-01 16:38:31,065 | INFO | Loading documents for missionary ID 4
2026-06-01 16:38:31,074 | INFO | Loaded 1 documents for missionary ID 4
2026-06-01 16:39:10,100 | INFO | Advanced James William VanOrden from INTERPOL to CARNET DE EXTRANJERIA
2026-06-01 16:39:10,107 | INFO | Loading missionary details for James William VanOrden
2026-06-01 16:39:10,114 | INFO | Loading documents for missionary ID 4
2026-06-01 16:39:10,114 | INFO | Loaded 1 documents for missionary ID 4
2026-06-01 16:39:10,145 | INFO | Loaded active missionaries
2026-06-01 16:39:10,145 | INFO | Loaded 1 missionaries into table
2026-06-01 16:39:38,942 | INFO | Loaded active missionaries
2026-06-01 16:39:38,943 | INFO | Loaded 1 missionaries into table
2026-06-01 16:39:41,592 | INFO | Opening detail page for missionary: James William VanOrden
2026-06-01 16:39:41,594 | INFO | Loading missionary details for James William VanOrden
2026-06-01 16:39:41,597 | INFO | Loading documents for missionary ID 4
2026-06-01 16:39:41,599 | INFO | Loaded 1 documents for missionary ID 4
2026-06-01 16:40:25,846 | INFO | Loaded 2 trashed missionaries
2026-06-01 16:40:42,104 | INFO | Loaded active missionaries
2026-06-01 16:40:42,109 | INFO | Loaded 1 missionaries into table
2026-06-01 21:25:13,194 | INFO | Dashboard data loaded
2026-06-01 21:25:13,194 | INFO | Initialized OneDrive root folders
2026-06-01 21:25:13,194 | INFO | Initialized OneDrive root folders
2026-06-01 21:25:13,194 | INFO | Initialized MissionariesPage
2026-06-01 21:25:13,578 | INFO | Loaded active missionaries
2026-06-01 21:25:13,578 | INFO | Loaded 1 missionaries into table
2026-06-01 21:25:13,578 | INFO | Initializing MissionaryDetailPage
2026-06-01 21:25:13,578 | INFO | Initialized OneDrive root folders
2026-06-01 21:25:13,578 | INFO | Initialized OneDrive root folders
2026-06-01 21:25:13,578 | INFO | Initialized OneDrive root folders
2026-06-01 21:25:13,640 | INFO | Initialized OneDrive root folders
2026-06-01 21:25:13,641 | INFO | Initialized OneDrive root folders
2026-06-01 21:25:13,644 | INFO | Loaded 2 trashed missionaries
2026-06-01 21:25:13,694 | INFO | Dashboard data loaded
2026-06-01 21:25:13,839 | INFO | Dashboard data loaded
2026-06-01 21:25:14,545 | INFO | Showing 1 expiration alert(s)
2026-06-01 21:25:18,636 | INFO | Loaded active missionaries
2026-06-01 21:25:18,640 | INFO | Loaded 1 missionaries into table
2026-06-01 21:25:23,293 | INFO | Opening detail page for missionary: James William VanOrden
2026-06-01 21:25:23,293 | INFO | Loading missionary details for James William VanOrden
2026-06-01 21:25:23,300 | INFO | Loading documents for missionary ID 4
2026-06-01 21:25:23,303 | INFO | Loaded 1 documents for missionary ID 4
2026-06-01 21:25:45,653 | INFO | Loaded active missionaries
2026-06-01 21:25:45,666 | INFO | Loaded 1 missionaries into table
2026-06-01 21:25:48,470 | INFO | Initialized OneDrive root folders
2026-06-01 21:25:48,470 | INFO | Initialized OneDrive root folders
2026-06-01 21:25:48,470 | INFO | Opened Add Missionary dialog
2026-06-01 21:27:03,422 | INFO | Created missionary root folder: C:\Users\PerúLimaCentralMissi\mission_data\ACTIVE\James William VanOrden
2026-06-01 21:27:03,422 | INFO | Created system folder: C:\Users\PerúLimaCentralMissi\mission_data\ACTIVE\James William VanOrden\RAW_SCANS
2026-06-01 21:27:03,438 | INFO | Created system folder: C:\Users\PerúLimaCentralMissi\mission_data\ACTIVE\James William VanOrden\OCR_PROCESSED
2026-06-01 21:27:03,438 | INFO | Created workflow folder: C:\Users\PerúLimaCentralMissi\mission_data\ACTIVE\James William VanOrden\INTERPOL
2026-06-01 21:27:03,440 | INFO | Created workflow folder: C:\Users\PerúLimaCentralMissi\mission_data\ACTIVE\James William VanOrden\CARNET DE EXTRANJERIA
2026-06-01 21:27:03,440 | INFO | Created workflow folder: C:\Users\PerúLimaCentralMissi\mission_data\ACTIVE\James William VanOrden\PRORROGA
2026-06-01 21:27:03,440 | INFO | Created workflow folder: C:\Users\PerúLimaCentralMissi\mission_data\ACTIVE\James William VanOrden\CANCELACION
2026-06-01 21:27:03,454 | INFO | Initialized workflows for missionary ID 5
2026-06-01 21:27:03,454 | INFO | Created missionary: James William VanOrden
2026-06-01 21:27:03,454 | INFO | Successfully created missionary from dialog: James William VanOrden
2026-06-01 21:27:03,460 | INFO | Missionary created successfully
2026-06-01 21:27:03,460 | INFO | Loaded active missionaries
2026-06-01 21:27:03,460 | INFO | Loaded 2 missionaries into table
2026-06-01 21:27:06,255 | INFO | Opening detail page for missionary: James William VanOrden
2026-06-01 21:27:06,255 | INFO | Loading missionary details for James William VanOrden
2026-06-01 21:27:06,255 | INFO | Loading documents for missionary ID 5
2026-06-01 21:27:06,255 | INFO | Loaded 0 documents for missionary ID 5
2026-06-01 21:27:22,543 | INFO | Loaded 2 trashed missionaries
2026-06-01 21:27:28,922 | INFO | Loaded active missionaries
2026-06-01 21:27:28,922 | INFO | Loaded 2 missionaries into table
2026-06-01 21:27:30,343 | INFO | Dashboard data loaded
2026-06-01 21:27:30,343 | INFO | Dashboard data loaded
2026-06-01 21:27:43,172 | INFO | Loaded 2 trashed missionaries
2026-06-01 21:27:46,996 | INFO | Loaded active missionaries
2026-06-01 21:27:46,996 | INFO | Loaded 2 missionaries into table
2026-06-01 21:27:48,731 | INFO | Opening detail page for missionary: James William VanOrden
2026-06-01 21:27:48,731 | INFO | Loading missionary details for James William VanOrden
2026-06-01 21:27:48,731 | INFO | Loading documents for missionary ID 5
2026-06-01 21:27:48,731 | INFO | Loaded 0 documents for missionary ID 5
2026-06-01 21:28:13,617 | INFO | Initializing PaddleOCR
2026-06-01 21:28:18,638 | ERROR | Failed to initialize PaddleOCR
Traceback (most recent call last):
  File "C:\Local Apps\Mission-Legal-App(V2)\services\ocr_service.py", line 9, in __init__
    from paddleocr import PaddleOCR
  File "C:\Users\PerúLimaCentralMissi\AppData\Local\Programs\Python\Python312\Lib\site-packages\paddleocr\__init__.py", line 14, in <module>
    from .paddleocr import *
  File "C:\Users\PerúLimaCentralMissi\AppData\Local\Programs\Python\Python312\Lib\site-packages\paddleocr\paddleocr.py", line 21, in <module>
    import paddle
  File "C:\Users\PerúLimaCentralMissi\AppData\Local\Programs\Python\Python312\Lib\site-packages\paddle\__init__.py", line 28, in <module>
    from .base import core  # noqa: F401
    ^^^^^^^^^^^^^^^^^^^^^^
  File "C:\Users\PerúLimaCentralMissi\AppData\Local\Programs\Python\Python312\Lib\site-packages\paddle\base\__init__.py", line 77, in <module>
    from . import dataset
  File "C:\Users\PerúLimaCentralMissi\AppData\Local\Programs\Python\Python312\Lib\site-packages\paddle\base\dataset.py", line 20, in <module>
    from ..utils import deprecated
  File "C:\Users\PerúLimaCentralMissi\AppData\Local\Programs\Python\Python312\Lib\site-packages\paddle\utils\__init__.py", line 16, in <module>
    from . import (  # noqa: F401
  File "C:\Users\PerúLimaCentralMissi\AppData\Local\Programs\Python\Python312\Lib\site-packages\paddle\utils\cpp_extension\__init__.py", line 15, in <module>
    from .cpp_extension import (
  File "C:\Users\PerúLimaCentralMissi\AppData\Local\Programs\Python\Python312\Lib\site-packages\paddle\utils\cpp_extension\cpp_extension.py", line 21, in <module>
    import setuptools
ModuleNotFoundError: No module named 'setuptools'
2026-06-01 21:28:18,656 | ERROR | Failed to initialize OCR service
Traceback (most recent call last):
  File "C:\Local Apps\Mission-Legal-App(V2)\services\upload_pipeline.py", line 58, in get_ocr_service
    _ocr_service = OCRService()
                   ^^^^^^^^^^^^
  File "C:\Local Apps\Mission-Legal-App(V2)\services\ocr_service.py", line 9, in __init__
    from paddleocr import PaddleOCR
  File "C:\Users\PerúLimaCentralMissi\AppData\Local\Programs\Python\Python312\Lib\site-packages\paddleocr\__init__.py", line 14, in <module>
    from .paddleocr import *
  File "C:\Users\PerúLimaCentralMissi\AppData\Local\Programs\Python\Python312\Lib\site-packages\paddleocr\paddleocr.py", line 21, in <module>
    import paddle
  File "C:\Users\PerúLimaCentralMissi\AppData\Local\Programs\Python\Python312\Lib\site-packages\paddle\__init__.py", line 28, in <module>
    from .base import core  # noqa: F401
    ^^^^^^^^^^^^^^^^^^^^^^
  File "C:\Users\PerúLimaCentralMissi\AppData\Local\Programs\Python\Python312\Lib\site-packages\paddle\base\__init__.py", line 77, in <module>
    from . import dataset
  File "C:\Users\PerúLimaCentralMissi\AppData\Local\Programs\Python\Python312\Lib\site-packages\paddle\base\dataset.py", line 20, in <module>
    from ..utils import deprecated
  File "C:\Users\PerúLimaCentralMissi\AppData\Local\Programs\Python\Python312\Lib\site-packages\paddle\utils\__init__.py", line 16, in <module>
    from . import (  # noqa: F401
  File "C:\Users\PerúLimaCentralMissi\AppData\Local\Programs\Python\Python312\Lib\site-packages\paddle\utils\cpp_extension\__init__.py", line 15, in <module>
    from .cpp_extension import (
  File "C:\Users\PerúLimaCentralMissi\AppData\Local\Programs\Python\Python312\Lib\site-packages\paddle\utils\cpp_extension\cpp_extension.py", line 21, in <module>
    import setuptools
ModuleNotFoundError: No module named 'setuptools'
2026-06-01 21:29:35,455 | INFO | Uploading document PASSPORT.pdf for missionary James William VanOrden
2026-06-01 21:29:35,468 | INFO | Successfully uploaded PASSPORT.pdf for missionary James William VanOrden
2026-06-01 21:29:35,479 | INFO | Auto-updated missionary 5: ['passport_number', 'nationality', 'passport_expiration']
2026-06-01 21:29:58,453 | INFO | Uploading document TAM.pdf for missionary James William VanOrden
2026-06-01 21:29:58,471 | INFO | Successfully uploaded TAM.pdf for missionary James William VanOrden
2026-06-01 21:29:58,489 | INFO | Auto-updated missionary 5: ['arrival_date', 'visa_expiration']
2026-06-01 21:30:02,279 | INFO | Loading missionary details for James William VanOrden
2026-06-01 21:30:02,279 | INFO | Loading documents for missionary ID 5
2026-06-01 21:30:02,279 | INFO | Loaded 2 documents for missionary ID 5
2026-06-01 21:42:12,324 | INFO | Dashboard data loaded
2026-06-01 21:42:12,325 | INFO | Initialized OneDrive root folders
2026-06-01 21:42:12,326 | INFO | Initialized OneDrive root folders
2026-06-01 21:42:12,327 | INFO | Initialized MissionariesPage
2026-06-01 21:42:12,649 | INFO | Loaded active missionaries
2026-06-01 21:42:12,649 | INFO | Loaded 2 missionaries into table
2026-06-01 21:42:12,649 | INFO | Initializing MissionaryDetailPage
2026-06-01 21:42:12,653 | INFO | Initialized OneDrive root folders
2026-06-01 21:42:12,653 | INFO | Initialized OneDrive root folders
2026-06-01 21:42:12,655 | INFO | Initialized OneDrive root folders
2026-06-01 21:42:12,711 | INFO | Initialized OneDrive root folders
2026-06-01 21:42:12,712 | INFO | Initialized OneDrive root folders
2026-06-01 21:42:12,718 | INFO | Loaded 2 trashed missionaries
2026-06-01 21:42:12,756 | INFO | Dashboard data loaded
2026-06-01 21:42:12,886 | INFO | Dashboard data loaded
2026-06-01 21:42:13,599 | INFO | Showing 2 expiration alert(s)
2026-06-01 21:42:18,861 | INFO | Loaded active missionaries
2026-06-01 21:42:18,861 | INFO | Loaded 2 missionaries into table
2026-06-01 21:42:21,078 | INFO | Initialized OneDrive root folders
2026-06-01 21:42:21,078 | INFO | Initialized OneDrive root folders
2026-06-01 21:42:21,078 | INFO | Opened Add Missionary dialog
2026-06-01 21:42:23,624 | INFO | Opening detail page for missionary: James William VanOrden
2026-06-01 21:42:23,624 | INFO | Loading missionary details for James William VanOrden
2026-06-01 21:42:23,624 | INFO | Loading documents for missionary ID 5
2026-06-01 21:42:23,624 | INFO | Loaded 2 documents for missionary ID 5
2026-06-01 21:42:34,908 | ERROR | Document viewer failed
Traceback (most recent call last):
  File "C:\Local Apps\Mission-Legal-App(V2)\ui\pages\missionary_detail_page.py", line 1311, in _open_document_viewer
    dialog = DocumentViewerDialog(
             ^^^^^^^^^^^^^^^^^^^^^
  File "C:\Local Apps\Mission-Legal-App(V2)\ui\dialogs\document_viewer_dialog.py", line 43, in __init__
    self.setup_ui()
  File "C:\Local Apps\Mission-Legal-App(V2)\ui\dialogs\document_viewer_dialog.py", line 145, in setup_ui
    | Qt.SmoothPixmapTransform
      ^^^^^^^^^^^^^^^^^^^^^^^^
AttributeError: type object 'PySide6.QtCore.Qt' has no attribute 'SmoothPixmapTransform'
2026-06-01 21:42:38,093 | ERROR | Document viewer failed
Traceback (most recent call last):
  File "C:\Local Apps\Mission-Legal-App(V2)\ui\pages\missionary_detail_page.py", line 1311, in _open_document_viewer
    dialog = DocumentViewerDialog(
             ^^^^^^^^^^^^^^^^^^^^^
  File "C:\Local Apps\Mission-Legal-App(V2)\ui\dialogs\document_viewer_dialog.py", line 43, in __init__
    self.setup_ui()
  File "C:\Local Apps\Mission-Legal-App(V2)\ui\dialogs\document_viewer_dialog.py", line 145, in setup_ui
    | Qt.SmoothPixmapTransform
      ^^^^^^^^^^^^^^^^^^^^^^^^
AttributeError: type object 'PySide6.QtCore.Qt' has no attribute 'SmoothPixmapTransform'
2026-06-02 12:58:18,463 | INFO | Parsing OCR text for document type: CONSTANCIA_DE_CITA_INTERPOL
2026-06-02 12:58:18,463 | INFO | Parsing OCR text for document type: PASSPORT
2026-06-02 12:58:18,463 | INFO | Passport parse result: ['passport_number', 'nationality', 'full_name', 'date_of_birth', 'passport_expiration']
2026-06-02 12:58:18,463 | INFO | Parsing OCR text for document type: TAM
2026-06-02 12:58:18,463 | INFO | OCR status=success fields=['arrival_date', 'visa_expiration']
2026-06-02 12:58:18,463 | INFO | Parsing OCR text for document type: TAM
2026-06-02 12:59:56,644 | INFO | Parsing OCR text for document type: CONSTANCIA_DE_CITA_INTERPOL
2026-06-02 12:59:56,644 | INFO | Parsing OCR text for document type: PASSPORT
2026-06-02 12:59:56,644 | INFO | Passport parse result: ['passport_number', 'nationality', 'full_name', 'date_of_birth', 'passport_expiration']
2026-06-02 12:59:56,644 | INFO | Parsing OCR text for document type: TAM
2026-06-02 12:59:56,644 | INFO | OCR status=success fields=['arrival_date', 'visa_expiration']
2026-06-02 12:59:56,644 | INFO | Parsing OCR text for document type: TAM
2026-06-02 13:04:23,762 | INFO | Dashboard data loaded
2026-06-02 13:04:23,764 | INFO | Initialized OneDrive root folders
2026-06-02 13:04:23,765 | INFO | Initialized OneDrive root folders
2026-06-02 13:04:23,765 | INFO | Initialized MissionariesPage
2026-06-02 13:04:24,119 | INFO | Loaded active missionaries
2026-06-02 13:04:24,119 | INFO | Loaded 2 missionaries into table
2026-06-02 13:04:24,119 | INFO | Initializing MissionaryDetailPage
2026-06-02 13:04:24,119 | INFO | Initialized OneDrive root folders
2026-06-02 13:04:24,119 | INFO | Initialized OneDrive root folders
2026-06-02 13:04:24,119 | INFO | Initialized OneDrive root folders
2026-06-02 13:04:24,178 | INFO | Initialized OneDrive root folders
2026-06-02 13:04:24,179 | INFO | Initialized OneDrive root folders
2026-06-02 13:04:24,184 | INFO | Loaded 2 trashed missionaries
2026-06-02 13:04:24,232 | INFO | Dashboard data loaded
2026-06-02 13:04:24,373 | INFO | Dashboard data loaded
2026-06-02 13:04:25,075 | INFO | Showing 2 expiration alert(s)
2026-06-02 13:04:28,839 | INFO | Loaded active missionaries
2026-06-02 13:04:28,850 | INFO | Loaded 2 missionaries into table
2026-06-02 13:04:30,762 | INFO | Initialized OneDrive root folders
2026-06-02 13:04:30,766 | INFO | Initialized OneDrive root folders
2026-06-02 13:04:30,766 | INFO | Opened Add Missionary dialog
2026-06-02 13:05:04,961 | INFO | Created missionary root folder: C:\Users\PerúLimaCentralMissi\mission_data\ACTIVE\James William VanOrden
2026-06-02 13:05:04,961 | INFO | Created system folder: C:\Users\PerúLimaCentralMissi\mission_data\ACTIVE\James William VanOrden\RAW_SCANS
2026-06-02 13:05:04,974 | INFO | Created system folder: C:\Users\PerúLimaCentralMissi\mission_data\ACTIVE\James William VanOrden\OCR_PROCESSED
2026-06-02 13:05:04,974 | INFO | Created workflow folder: C:\Users\PerúLimaCentralMissi\mission_data\ACTIVE\James William VanOrden\INTERPOL
2026-06-02 13:05:04,974 | INFO | Created workflow folder: C:\Users\PerúLimaCentralMissi\mission_data\ACTIVE\James William VanOrden\CARNET DE EXTRANJERIA
2026-06-02 13:05:04,974 | INFO | Created workflow folder: C:\Users\PerúLimaCentralMissi\mission_data\ACTIVE\James William VanOrden\PRORROGA
2026-06-02 13:05:04,974 | INFO | Created workflow folder: C:\Users\PerúLimaCentralMissi\mission_data\ACTIVE\James William VanOrden\CANCELACION
2026-06-02 13:05:04,976 | INFO | Initialized workflows for missionary ID 6
2026-06-02 13:05:04,976 | INFO | Created missionary: James William VanOrden
2026-06-02 13:05:04,976 | INFO | Successfully created missionary from dialog: James William VanOrden
2026-06-02 13:05:04,995 | INFO | Missionary created successfully
2026-06-02 13:05:04,995 | INFO | Loaded active missionaries
2026-06-02 13:05:04,995 | INFO | Loaded 3 missionaries into table
2026-06-02 13:05:09,034 | INFO | Opening detail page for missionary: James William VanOrden
2026-06-02 13:05:09,034 | INFO | Loading missionary details for James William VanOrden
2026-06-02 13:05:09,034 | INFO | Loading documents for missionary ID 5
2026-06-02 13:05:09,034 | INFO | Loaded 2 documents for missionary ID 5
2026-06-02 13:05:11,817 | INFO | Loaded active missionaries
2026-06-02 13:05:11,817 | INFO | Loaded 3 missionaries into table
2026-06-02 13:05:14,907 | INFO | Opening detail page for missionary: James William VanOrden
2026-06-02 13:05:14,907 | INFO | Loading missionary details for James William VanOrden
2026-06-02 13:05:14,909 | INFO | Loading documents for missionary ID 6
2026-06-02 13:05:14,909 | INFO | Loaded 0 documents for missionary ID 6
2026-06-02 13:10:28,381 | INFO | Loaded active missionaries
2026-06-02 13:10:28,397 | INFO | Loaded 3 missionaries into table
2026-06-02 13:10:41,728 | INFO | Opening detail page for missionary: James William VanOrden
2026-06-02 13:10:41,728 | INFO | Loading missionary details for James William VanOrden
2026-06-02 13:10:41,731 | INFO | Loading documents for missionary ID 5
2026-06-02 13:10:41,731 | INFO | Loaded 2 documents for missionary ID 5
2026-06-02 13:10:58,492 | INFO | OCR image prepared: C:\Users\PERLIM~1\AppData\Local\Temp\tmp6s0lw1nc.png
2026-06-02 13:10:59,868 | INFO | OCR image prepared: C:\Users\PERLIM~1\AppData\Local\Temp\tmpq2b76xau.png
2026-06-02 13:10:59,888 | INFO | Initializing PaddleOCR
2026-06-02 13:11:03,476 | ERROR | Failed to initialize PaddleOCR
Traceback (most recent call last):
  File "C:\Local Apps\Mission-Legal-App(V2)\services\ocr_service.py", line 9, in __init__
    from paddleocr import PaddleOCR
  File "C:\Local Apps\Mission-Legal-App(V2)\venv\Lib\site-packages\paddleocr\__init__.py", line 14, in <module>
    from .paddleocr import *
  File "C:\Local Apps\Mission-Legal-App(V2)\venv\Lib\site-packages\paddleocr\paddleocr.py", line 21, in <module>
    import paddle
  File "C:\Local Apps\Mission-Legal-App(V2)\venv\Lib\site-packages\paddle\__init__.py", line 28, in <module>
    from .base import core  # noqa: F401
    ^^^^^^^^^^^^^^^^^^^^^^
  File "C:\Local Apps\Mission-Legal-App(V2)\venv\Lib\site-packages\paddle\base\__init__.py", line 77, in <module>
    from . import dataset
  File "C:\Local Apps\Mission-Legal-App(V2)\venv\Lib\site-packages\paddle\base\dataset.py", line 20, in <module>
    from ..utils import deprecated
  File "C:\Local Apps\Mission-Legal-App(V2)\venv\Lib\site-packages\paddle\utils\__init__.py", line 16, in <module>
    from . import (  # noqa: F401
  File "C:\Local Apps\Mission-Legal-App(V2)\venv\Lib\site-packages\paddle\utils\cpp_extension\__init__.py", line 15, in <module>
    from .cpp_extension import (
  File "C:\Local Apps\Mission-Legal-App(V2)\venv\Lib\site-packages\paddle\utils\cpp_extension\cpp_extension.py", line 21, in <module>
    import setuptools
ModuleNotFoundError: No module named 'setuptools'
2026-06-02 13:11:03,476 | ERROR | Failed to initialize OCR service
Traceback (most recent call last):
  File "C:\Local Apps\Mission-Legal-App(V2)\services\upload_pipeline.py", line 85, in get_ocr_service
    _ocr_service = OCRService()
                   ^^^^^^^^^^^^
  File "C:\Local Apps\Mission-Legal-App(V2)\services\ocr_service.py", line 9, in __init__
    from paddleocr import PaddleOCR
  File "C:\Local Apps\Mission-Legal-App(V2)\venv\Lib\site-packages\paddleocr\__init__.py", line 14, in <module>
    from .paddleocr import *
  File "C:\Local Apps\Mission-Legal-App(V2)\venv\Lib\site-packages\paddleocr\paddleocr.py", line 21, in <module>
    import paddle
  File "C:\Local Apps\Mission-Legal-App(V2)\venv\Lib\site-packages\paddle\__init__.py", line 28, in <module>
    from .base import core  # noqa: F401
    ^^^^^^^^^^^^^^^^^^^^^^
  File "C:\Local Apps\Mission-Legal-App(V2)\venv\Lib\site-packages\paddle\base\__init__.py", line 77, in <module>
    from . import dataset
  File "C:\Local Apps\Mission-Legal-App(V2)\venv\Lib\site-packages\paddle\base\dataset.py", line 20, in <module>
    from ..utils import deprecated
  File "C:\Local Apps\Mission-Legal-App(V2)\venv\Lib\site-packages\paddle\utils\__init__.py", line 16, in <module>
    from . import (  # noqa: F401
  File "C:\Local Apps\Mission-Legal-App(V2)\venv\Lib\site-packages\paddle\utils\cpp_extension\__init__.py", line 15, in <module>
    from .cpp_extension import (
  File "C:\Local Apps\Mission-Legal-App(V2)\venv\Lib\site-packages\paddle\utils\cpp_extension\cpp_extension.py", line 21, in <module>
    import setuptools
ModuleNotFoundError: No module named 'setuptools'
2026-06-02 13:11:08,332 | INFO | Uploading document PASSPORT_1.pdf for missionary James William VanOrden
2026-06-02 13:11:08,346 | INFO | Successfully uploaded PASSPORT_1.pdf for missionary James William VanOrden
2026-06-02 13:11:09,342 | INFO | Loading missionary details for James William VanOrden
2026-06-02 13:11:09,342 | INFO | Loading documents for missionary ID 5
2026-06-02 13:11:09,342 | INFO | Loaded 3 documents for missionary ID 5
2026-06-02 13:11:15,369 | ERROR | Document viewer failed
Traceback (most recent call last):
  File "C:\Local Apps\Mission-Legal-App(V2)\ui\pages\missionary_detail_page.py", line 1296, in _open_document_viewer
    dialog = DocumentViewerDialog(
             ^^^^^^^^^^^^^^^^^^^^^
  File "C:\Local Apps\Mission-Legal-App(V2)\ui\dialogs\document_viewer_dialog.py", line 43, in __init__
    self.setup_ui()
  File "C:\Local Apps\Mission-Legal-App(V2)\ui\dialogs\document_viewer_dialog.py", line 145, in setup_ui
    | Qt.SmoothPixmapTransform
      ^^^^^^^^^^^^^^^^^^^^^^^^
AttributeError: type object 'PySide6.QtCore.Qt' has no attribute 'SmoothPixmapTransform'
2026-06-02 13:11:23,119 | ERROR | Failed to open file
Traceback (most recent call last):
  File "C:\Local Apps\Mission-Legal-App(V2)\ui\pages\missionary_detail_page.py", line 1265, in _open_document_file
    subprocess.Popen(
  File "C:\Users\PerúLimaCentralMissi\AppData\Local\Programs\Python\Python312\Lib\subprocess.py", line 1026, in __init__
    self._execute_child(args, executable, preexec_fn, close_fds,
  File "C:\Users\PerúLimaCentralMissi\AppData\Local\Programs\Python\Python312\Lib\subprocess.py", line 1538, in _execute_child
    hp, ht, pid, tid = _winapi.CreateProcess(executable, args,
                       ^^^^^^^^^^^^^^^^^^^^^^^^^^^^^^^^^^^^^^^
FileNotFoundError: [WinError 2] The system cannot find the file specified
2026-06-02 13:14:32,452 | INFO | Dashboard data loaded
2026-06-02 13:14:32,452 | INFO | Initialized OneDrive root folders
2026-06-02 13:14:32,452 | INFO | Initialized OneDrive root folders
2026-06-02 13:14:32,452 | INFO | Initialized MissionariesPage
2026-06-02 13:14:32,683 | INFO | Loaded active missionaries
2026-06-02 13:14:32,683 | INFO | Loaded 3 missionaries into table
2026-06-02 13:14:32,683 | INFO | Initializing MissionaryDetailPage
2026-06-02 13:14:32,683 | INFO | Initialized OneDrive root folders
2026-06-02 13:14:32,683 | INFO | Initialized OneDrive root folders
2026-06-02 13:14:32,683 | INFO | Initialized OneDrive root folders
2026-06-02 13:14:32,733 | INFO | Initialized OneDrive root folders
2026-06-02 13:14:32,733 | INFO | Initialized OneDrive root folders
2026-06-02 13:14:32,733 | INFO | Loaded 2 trashed missionaries
2026-06-02 13:14:32,779 | INFO | Dashboard data loaded
2026-06-02 13:14:32,898 | INFO | Dashboard data loaded
2026-06-02 13:14:33,633 | INFO | Showing 3 expiration alert(s)
2026-06-02 13:14:37,286 | INFO | Loaded active missionaries
2026-06-02 13:14:37,302 | INFO | Loaded 3 missionaries into table
2026-06-02 13:14:39,158 | INFO | Opening detail page for missionary: James William VanOrden
2026-06-02 13:14:39,158 | INFO | Loading missionary details for James William VanOrden
2026-06-02 13:14:39,160 | INFO | Loading documents for missionary ID 5
2026-06-02 13:14:39,160 | INFO | Loaded 3 documents for missionary ID 5
2026-06-02 13:14:46,891 | INFO | Moved missionary folder to trash: C:\Users\PerúLimaCentralMissi\mission_data\TRASH PILE\James William VanOrden
2026-06-02 13:14:46,895 | INFO | Soft deleted missionary: James William VanOrden
2026-06-02 13:14:46,895 | INFO | Loaded active missionaries
2026-06-02 13:14:46,902 | INFO | Loaded 2 missionaries into table
2026-06-02 13:14:49,124 | INFO | Opening detail page for missionary: James William VanOrden
2026-06-02 13:14:49,124 | INFO | Loading missionary details for James William VanOrden
2026-06-02 13:14:49,124 | INFO | Loading documents for missionary ID 6
2026-06-02 13:14:49,140 | INFO | Loaded 0 documents for missionary ID 6
2026-06-02 13:17:53,282 | INFO | Dashboard data loaded
2026-06-02 13:17:53,282 | INFO | Initialized OneDrive root folders
2026-06-02 13:17:53,282 | INFO | Initialized OneDrive root folders
2026-06-02 13:17:53,282 | INFO | Initialized MissionariesPage
2026-06-02 13:17:53,644 | INFO | Loaded active missionaries
2026-06-02 13:17:53,648 | INFO | Loaded 2 missionaries into table
2026-06-02 13:17:53,649 | INFO | Initializing MissionaryDetailPage
2026-06-02 13:17:53,649 | INFO | Initialized OneDrive root folders
2026-06-02 13:17:53,650 | INFO | Initialized OneDrive root folders
2026-06-02 13:17:53,651 | INFO | Initialized OneDrive root folders
2026-06-02 13:17:53,701 | INFO | Initialized OneDrive root folders
2026-06-02 13:17:53,701 | INFO | Initialized OneDrive root folders
2026-06-02 13:17:53,716 | INFO | Loaded 3 trashed missionaries
2026-06-02 13:17:53,751 | INFO | Dashboard data loaded
2026-06-02 13:17:53,896 | INFO | Dashboard data loaded
2026-06-02 13:17:54,598 | INFO | Showing 2 expiration alert(s)
2026-06-02 13:17:57,713 | INFO | Loaded active missionaries
2026-06-02 13:17:57,713 | INFO | Loaded 2 missionaries into table
2026-06-02 13:17:58,915 | INFO | Opening detail page for missionary: James William VanOrden
2026-06-02 13:17:58,915 | INFO | Loading missionary details for James William VanOrden
2026-06-02 13:17:58,915 | INFO | Loading documents for missionary ID 6
2026-06-02 13:17:58,915 | INFO | Loaded 0 documents for missionary ID 6
2026-06-02 14:43:40,742 | INFO | Dashboard data loaded
2026-06-02 14:43:40,742 | INFO | Initialized OneDrive root folders
2026-06-02 14:43:40,742 | INFO | Initialized OneDrive root folders
2026-06-02 14:43:40,742 | INFO | Initialized MissionariesPage
2026-06-02 14:43:40,742 | INFO | Loaded active missionaries
2026-06-02 14:43:40,742 | INFO | Loaded 2 missionaries into table
2026-06-02 14:43:40,742 | INFO | Initializing MissionaryDetailPage
2026-06-02 14:43:40,742 | INFO | Initialized OneDrive root folders
2026-06-02 14:43:40,742 | INFO | Initialized OneDrive root folders
2026-06-02 14:43:40,742 | INFO | Initialized OneDrive root folders
2026-06-02 14:43:40,775 | INFO | Initialized OneDrive root folders
2026-06-02 14:43:40,775 | INFO | Initialized OneDrive root folders
2026-06-02 14:43:40,775 | INFO | Loaded 3 trashed missionaries
2026-06-02 14:43:40,775 | INFO | Dashboard data loaded
2026-06-02 14:43:40,792 | INFO | Dashboard data loaded
2026-06-02 14:43:40,793 | INFO | Loaded active missionaries
2026-06-02 14:43:40,793 | INFO | Loaded 2 missionaries into table
2026-06-02 14:43:40,793 | INFO | Loaded 3 trashed missionaries
2026-06-02 14:45:23,978 | INFO | Dashboard data loaded
2026-06-02 14:45:23,978 | INFO | Initialized OneDrive root folders
2026-06-02 14:45:23,978 | INFO | Initialized OneDrive root folders
2026-06-02 14:45:23,978 | INFO | Initialized MissionariesPage
2026-06-02 14:45:24,099 | INFO | Loaded active missionaries
2026-06-02 14:45:24,099 | INFO | Loaded 2 missionaries into table
2026-06-02 14:45:24,099 | INFO | Initializing MissionaryDetailPage
2026-06-02 14:45:24,099 | INFO | Initialized OneDrive root folders
2026-06-02 14:45:24,099 | INFO | Initialized OneDrive root folders
2026-06-02 14:45:24,108 | INFO | Initialized OneDrive root folders
2026-06-02 14:45:24,139 | INFO | Initialized OneDrive root folders
2026-06-02 14:45:24,139 | INFO | Initialized OneDrive root folders
2026-06-02 14:45:24,160 | INFO | Loaded 3 trashed missionaries
2026-06-02 14:45:24,163 | INFO | Dashboard data loaded
2026-06-02 14:45:24,175 | INFO | Dashboard data loaded
2026-06-02 14:45:24,179 | INFO | Loaded active missionaries
2026-06-02 14:45:24,179 | INFO | Loaded 2 missionaries into table
2026-06-02 14:45:24,196 | INFO | Loaded 3 trashed missionaries
2026-06-02 14:46:19,494 | INFO | Dashboard data loaded
2026-06-02 14:46:19,494 | INFO | Initialized OneDrive root folders
2026-06-02 14:46:19,494 | INFO | Initialized OneDrive root folders
2026-06-02 14:46:19,494 | INFO | Initialized MissionariesPage
2026-06-02 14:46:19,561 | INFO | Loaded active missionaries
2026-06-02 14:46:19,575 | INFO | Loaded 2 missionaries into table
2026-06-02 14:46:19,575 | INFO | Initializing MissionaryDetailPage
2026-06-02 14:46:19,575 | INFO | Initialized OneDrive root folders
2026-06-02 14:46:19,576 | INFO | Initialized OneDrive root folders
2026-06-02 14:46:19,576 | INFO | Initialized OneDrive root folders
2026-06-02 14:46:19,594 | INFO | Initialized OneDrive root folders
2026-06-02 14:46:19,594 | INFO | Initialized OneDrive root folders
2026-06-02 14:46:19,611 | INFO | Loaded 3 trashed missionaries
2026-06-02 14:46:19,624 | INFO | Dashboard data loaded
2026-06-02 14:47:32,884 | INFO | Dashboard data loaded
2026-06-02 14:47:32,884 | INFO | Initialized OneDrive root folders
2026-06-02 14:47:32,884 | INFO | Initialized OneDrive root folders
2026-06-02 14:47:32,884 | INFO | Initialized MissionariesPage
2026-06-02 14:47:33,696 | INFO | Loaded active missionaries
2026-06-02 14:47:33,696 | INFO | Loaded 2 missionaries into table
2026-06-02 14:47:33,696 | INFO | Initializing MissionaryDetailPage
2026-06-02 14:47:33,696 | INFO | Initialized OneDrive root folders
2026-06-02 14:47:33,696 | INFO | Initialized OneDrive root folders
2026-06-02 14:47:33,696 | INFO | Initialized OneDrive root folders
2026-06-02 14:47:33,828 | INFO | Initialized OneDrive root folders
2026-06-02 14:47:33,829 | INFO | Initialized OneDrive root folders
2026-06-02 14:47:33,903 | INFO | Loaded 3 trashed missionaries
2026-06-02 14:47:34,019 | INFO | Dashboard data loaded
2026-06-02 14:47:34,052 | INFO | Dashboard data loaded
2026-06-02 14:47:34,821 | INFO | Showing 2 expiration alert(s)
2026-06-02 14:47:37,990 | INFO | Loaded active missionaries
2026-06-02 14:47:37,990 | INFO | Loaded 2 missionaries into table
2026-06-02 14:47:48,347 | INFO | Dashboard data loaded
2026-06-02 14:47:48,354 | INFO | Dashboard data loaded
2026-06-02 14:47:59,141 | INFO | Loaded 3 trashed missionaries
2026-06-02 14:48:05,569 | INFO | Dashboard data loaded
2026-06-02 14:48:05,573 | INFO | Dashboard data loaded
2026-06-02 14:48:15,697 | INFO | Loaded 3 trashed missionaries
2026-06-02 14:48:19,270 | INFO | Loaded 3 trashed missionaries
2026-06-02 14:48:28,944 | INFO | Permanently deleted missionary ID 5
2026-06-02 14:48:28,960 | INFO | Loaded 2 trashed missionaries
2026-06-02 14:48:35,085 | ERROR | Failed to permanently delete
Traceback (most recent call last):
  File "C:\Local Apps\Mission-Legal-App(V2)\services\missionary_service.py", line 400, in hard_delete
    shutil.rmtree(folder)
  File "C:\Users\PerúLimaCentralMissi\AppData\Local\Programs\Python\Python312\Lib\shutil.py", line 781, in rmtree
    return _rmtree_unsafe(path, onexc)
           ^^^^^^^^^^^^^^^^^^^^^^^^^^^
  File "C:\Users\PerúLimaCentralMissi\AppData\Local\Programs\Python\Python312\Lib\shutil.py", line 629, in _rmtree_unsafe
    onexc(os.rmdir, fullname, err)
  File "C:\Users\PerúLimaCentralMissi\AppData\Local\Programs\Python\Python312\Lib\shutil.py", line 627, in _rmtree_unsafe
    os.rmdir(fullname)
PermissionError: [WinError 5] Access is denied: 'C:\\Users\\PerúLimaCentralMissi\\OneDrive - Church of Jesus Christ (1)\\Sec. Visas\\1. Visas Lima Central\\1 DOCUMENTOS DE LEGALIZACIÓN - IMPORTANTE\\TRASH PILE\\thatonenewguynamed Steve\\CANCELACION'
2026-06-02 14:48:35,085 | ERROR | Hard delete failed
Traceback (most recent call last):
  File "C:\Local Apps\Mission-Legal-App(V2)\ui\pages\trash_page.py", line 246, in _hard_delete_missionary
    self.missionary_service.hard_delete(
  File "C:\Local Apps\Mission-Legal-App(V2)\services\missionary_service.py", line 400, in hard_delete
    shutil.rmtree(folder)
  File "C:\Users\PerúLimaCentralMissi\AppData\Local\Programs\Python\Python312\Lib\shutil.py", line 781, in rmtree
    return _rmtree_unsafe(path, onexc)
           ^^^^^^^^^^^^^^^^^^^^^^^^^^^
  File "C:\Users\PerúLimaCentralMissi\AppData\Local\Programs\Python\Python312\Lib\shutil.py", line 629, in _rmtree_unsafe
    onexc(os.rmdir, fullname, err)
  File "C:\Users\PerúLimaCentralMissi\AppData\Local\Programs\Python\Python312\Lib\shutil.py", line 627, in _rmtree_unsafe
    os.rmdir(fullname)
PermissionError: [WinError 5] Access is denied: 'C:\\Users\\PerúLimaCentralMissi\\OneDrive - Church of Jesus Christ (1)\\Sec. Visas\\1. Visas Lima Central\\1 DOCUMENTOS DE LEGALIZACIÓN - IMPORTANTE\\TRASH PILE\\thatonenewguynamed Steve\\CANCELACION'
2026-06-02 14:48:38,404 | ERROR | Failed to permanently delete
Traceback (most recent call last):
  File "C:\Local Apps\Mission-Legal-App(V2)\services\missionary_service.py", line 400, in hard_delete
    shutil.rmtree(folder)
  File "C:\Users\PerúLimaCentralMissi\AppData\Local\Programs\Python\Python312\Lib\shutil.py", line 781, in rmtree
    return _rmtree_unsafe(path, onexc)
           ^^^^^^^^^^^^^^^^^^^^^^^^^^^
  File "C:\Users\PerúLimaCentralMissi\AppData\Local\Programs\Python\Python312\Lib\shutil.py", line 629, in _rmtree_unsafe
    onexc(os.rmdir, fullname, err)
  File "C:\Users\PerúLimaCentralMissi\AppData\Local\Programs\Python\Python312\Lib\shutil.py", line 627, in _rmtree_unsafe
    os.rmdir(fullname)
PermissionError: [WinError 5] Access is denied: 'C:\\Users\\PerúLimaCentralMissi\\OneDrive - Church of Jesus Christ (1)\\Sec. Visas\\1. Visas Lima Central\\1 DOCUMENTOS DE LEGALIZACIÓN - IMPORTANTE\\TRASH PILE\\James William VanOrden\\CANCELACION'
2026-06-02 14:48:38,404 | ERROR | Hard delete failed
Traceback (most recent call last):
  File "C:\Local Apps\Mission-Legal-App(V2)\ui\pages\trash_page.py", line 246, in _hard_delete_missionary
    self.missionary_service.hard_delete(
  File "C:\Local Apps\Mission-Legal-App(V2)\services\missionary_service.py", line 400, in hard_delete
    shutil.rmtree(folder)
  File "C:\Users\PerúLimaCentralMissi\AppData\Local\Programs\Python\Python312\Lib\shutil.py", line 781, in rmtree
    return _rmtree_unsafe(path, onexc)
           ^^^^^^^^^^^^^^^^^^^^^^^^^^^
  File "C:\Users\PerúLimaCentralMissi\AppData\Local\Programs\Python\Python312\Lib\shutil.py", line 629, in _rmtree_unsafe
    onexc(os.rmdir, fullname, err)
  File "C:\Users\PerúLimaCentralMissi\AppData\Local\Programs\Python\Python312\Lib\shutil.py", line 627, in _rmtree_unsafe
    os.rmdir(fullname)
PermissionError: [WinError 5] Access is denied: 'C:\\Users\\PerúLimaCentralMissi\\OneDrive - Church of Jesus Christ (1)\\Sec. Visas\\1. Visas Lima Central\\1 DOCUMENTOS DE LEGALIZACIÓN - IMPORTANTE\\TRASH PILE\\James William VanOrden\\CANCELACION'
2026-06-02 14:48:41,669 | INFO | Loaded active missionaries
2026-06-02 14:48:41,671 | INFO | Loaded 2 missionaries into table
2026-06-02 14:49:17,783 | INFO | Dashboard data loaded
2026-06-02 14:49:17,803 | INFO | Dashboard data loaded
2026-06-02 14:49:21,709 | INFO | Loaded active missionaries
2026-06-02 14:49:21,714 | INFO | Loaded 2 missionaries into table
2026-06-02 15:18:36,960 | INFO | Dashboard data loaded
2026-06-02 15:18:36,960 | INFO | Initialized OneDrive root folders
2026-06-02 15:18:36,960 | INFO | Initialized OneDrive root folders
2026-06-02 15:18:36,960 | INFO | Initialized MissionariesPage
2026-06-02 15:18:38,247 | INFO | Loaded active missionaries
2026-06-02 15:18:38,259 | INFO | Loaded 2 missionaries into table
2026-06-02 15:18:38,265 | INFO | Initializing MissionaryDetailPage
2026-06-02 15:18:38,274 | INFO | Initialized OneDrive root folders
2026-06-02 15:18:38,290 | INFO | Initialized OneDrive root folders
2026-06-02 15:18:38,297 | INFO | Initialized OneDrive root folders
2026-06-02 15:18:38,490 | INFO | Initialized OneDrive root folders
2026-06-02 15:18:38,500 | INFO | Initialized OneDrive root folders
2026-06-02 15:18:38,599 | INFO | Loaded 2 trashed missionaries
2026-06-02 15:18:38,776 | INFO | Dashboard data loaded
2026-06-02 15:18:38,821 | INFO | Dashboard data loaded
2026-06-02 15:18:39,589 | INFO | Showing 2 expiration alert(s)
2026-06-02 15:18:46,646 | INFO | Loaded active missionaries
2026-06-02 15:18:46,648 | INFO | Loaded 2 missionaries into table
2026-06-02 15:18:56,716 | INFO | Loaded 2 trashed missionaries
2026-06-02 15:19:00,380 | INFO | Loaded 2 trashed missionaries
2026-06-02 15:19:03,020 | INFO | Loaded active missionaries
2026-06-02 15:19:03,020 | INFO | Loaded 2 missionaries into table
2026-06-02 15:19:04,129 | INFO | Dashboard data loaded
2026-06-02 15:19:04,133 | INFO | Dashboard data loaded
2026-06-02 15:25:14,389 | INFO | Loaded active missionaries
2026-06-02 15:25:14,389 | INFO | Loaded 2 missionaries into table
2026-06-02 15:25:21,261 | INFO | Opening detail page for missionary: James William VanOrden
2026-06-02 15:25:21,261 | INFO | Loading missionary details for James William VanOrden
2026-06-02 15:25:21,268 | INFO | Loading documents for missionary ID 4
2026-06-02 15:25:21,268 | INFO | Loaded 1 documents for missionary ID 4
2026-06-02 15:25:23,483 | INFO | Moved folder to trash: C:\Users\PerúLimaCentralMissi\OneDrive - Church of Jesus Christ (1)\Sec. Visas\1. Visas Lima Central\1 DOCUMENTOS DE LEGALIZACIÓN - IMPORTANTE\TRASH\James William VanOrden
2026-06-02 15:25:23,483 | INFO | Moved missionary folder to trash: C:\Users\PerúLimaCentralMissi\OneDrive - Church of Jesus Christ (1)\Sec. Visas\1. Visas Lima Central\1 DOCUMENTOS DE LEGALIZACIÓN - IMPORTANTE\TRASH\James William VanOrden
2026-06-02 15:25:23,514 | INFO | Soft deleted missionary: James William VanOrden
2026-06-02 15:25:23,514 | INFO | Loaded active missionaries
2026-06-02 15:25:23,515 | INFO | Loaded 1 missionaries into table
2026-06-02 15:25:24,947 | INFO | Opening detail page for missionary: James William VanOrden
2026-06-02 15:25:24,947 | INFO | Loading missionary details for James William VanOrden
2026-06-02 15:25:24,947 | INFO | Loading documents for missionary ID 6
2026-06-02 15:25:24,947 | INFO | Loaded 0 documents for missionary ID 6
2026-06-02 15:25:26,794 | INFO | Moved folder to trash: C:\Users\PerúLimaCentralMissi\OneDrive - Church of Jesus Christ (1)\Sec. Visas\1. Visas Lima Central\1 DOCUMENTOS DE LEGALIZACIÓN - IMPORTANTE\TRASH\James William VanOrden_1
2026-06-02 15:25:26,794 | INFO | Moved missionary folder to trash: C:\Users\PerúLimaCentralMissi\OneDrive - Church of Jesus Christ (1)\Sec. Visas\1. Visas Lima Central\1 DOCUMENTOS DE LEGALIZACIÓN - IMPORTANTE\TRASH\James William VanOrden_1
2026-06-02 15:25:26,802 | INFO | Soft deleted missionary: James William VanOrden
2026-06-02 15:25:26,804 | INFO | Loaded active missionaries
2026-06-02 15:25:26,807 | INFO | Loaded 0 missionaries into table
2026-06-02 15:25:28,413 | INFO | Loaded 4 trashed missionaries
2026-06-02 15:25:30,687 | INFO | Permanently deleted missionary ID 6
2026-06-02 15:25:30,709 | INFO | Loaded 3 trashed missionaries
2026-06-02 15:25:33,010 | INFO | Permanently deleted missionary ID 4
2026-06-02 15:25:33,020 | INFO | Loaded 2 trashed missionaries
2026-06-02 15:25:35,175 | ERROR | Failed to permanently delete
Traceback (most recent call last):
  File "C:\Local Apps\Mission-Legal-App(V2)\services\missionary_service.py", line 348, in hard_delete
    shutil.rmtree(folder)
  File "C:\Users\PerúLimaCentralMissi\AppData\Local\Programs\Python\Python312\Lib\shutil.py", line 781, in rmtree
    return _rmtree_unsafe(path, onexc)
           ^^^^^^^^^^^^^^^^^^^^^^^^^^^
  File "C:\Users\PerúLimaCentralMissi\AppData\Local\Programs\Python\Python312\Lib\shutil.py", line 629, in _rmtree_unsafe
    onexc(os.rmdir, fullname, err)
  File "C:\Users\PerúLimaCentralMissi\AppData\Local\Programs\Python\Python312\Lib\shutil.py", line 627, in _rmtree_unsafe
    os.rmdir(fullname)
PermissionError: [WinError 5] Access is denied: 'C:\\Users\\PerúLimaCentralMissi\\OneDrive - Church of Jesus Christ (1)\\Sec. Visas\\1. Visas Lima Central\\1 DOCUMENTOS DE LEGALIZACIÓN - IMPORTANTE\\TRASH PILE\\thatonenewguynamed Steve\\CANCELACION'
2026-06-02 15:25:35,175 | ERROR | Hard delete failed
Traceback (most recent call last):
  File "C:\Local Apps\Mission-Legal-App(V2)\ui\pages\trash_page.py", line 246, in _hard_delete_missionary
    self.missionary_service.hard_delete(
  File "C:\Local Apps\Mission-Legal-App(V2)\services\missionary_service.py", line 348, in hard_delete
    shutil.rmtree(folder)
  File "C:\Users\PerúLimaCentralMissi\AppData\Local\Programs\Python\Python312\Lib\shutil.py", line 781, in rmtree
    return _rmtree_unsafe(path, onexc)
           ^^^^^^^^^^^^^^^^^^^^^^^^^^^
  File "C:\Users\PerúLimaCentralMissi\AppData\Local\Programs\Python\Python312\Lib\shutil.py", line 629, in _rmtree_unsafe
    onexc(os.rmdir, fullname, err)
  File "C:\Users\PerúLimaCentralMissi\AppData\Local\Programs\Python\Python312\Lib\shutil.py", line 627, in _rmtree_unsafe
    os.rmdir(fullname)
PermissionError: [WinError 5] Access is denied: 'C:\\Users\\PerúLimaCentralMissi\\OneDrive - Church of Jesus Christ (1)\\Sec. Visas\\1. Visas Lima Central\\1 DOCUMENTOS DE LEGALIZACIÓN - IMPORTANTE\\TRASH PILE\\thatonenewguynamed Steve\\CANCELACION'
2026-06-02 15:25:37,574 | INFO | Restored folder: C:\Users\PerúLimaCentralMissi\OneDrive - Church of Jesus Christ (1)\Sec. Visas\1. Visas Lima Central\1 DOCUMENTOS DE LEGALIZACIÓN - IMPORTANTE\ACTIVE\thatonenewguynamed Steve
2026-06-02 15:25:37,586 | INFO | Restored missionary: thatonenewguynamed Steve
2026-06-02 15:25:37,590 | INFO | Loaded 1 trashed missionaries
2026-06-02 15:25:37,590 | INFO | Loaded active missionaries
2026-06-02 15:25:37,595 | INFO | Loaded 1 missionaries into table
2026-06-02 15:25:39,403 | INFO | Restored folder: C:\Users\PerúLimaCentralMissi\OneDrive - Church of Jesus Christ (1)\Sec. Visas\1. Visas Lima Central\1 DOCUMENTOS DE LEGALIZACIÓN - IMPORTANTE\ACTIVE\James William VanOrden
2026-06-02 15:25:39,407 | INFO | Restored missionary: James William VanOrden
2026-06-02 15:25:39,407 | INFO | Loaded 0 trashed missionaries
2026-06-02 15:25:39,415 | INFO | Loaded active missionaries
2026-06-02 15:25:39,415 | INFO | Loaded 2 missionaries into table
2026-06-02 15:25:41,870 | INFO | Loaded active missionaries
2026-06-02 15:25:41,870 | INFO | Loaded 2 missionaries into table
2026-06-02 15:25:44,079 | INFO | Opening detail page for missionary: thatonenewguynamed Steve
2026-06-02 15:25:44,079 | INFO | Loading missionary details for thatonenewguynamed Steve
2026-06-02 15:25:44,079 | INFO | Loading documents for missionary ID 1
2026-06-02 15:25:44,079 | INFO | Loaded 1 documents for missionary ID 1
2026-06-02 15:25:46,101 | INFO | Moved folder to trash: C:\Users\PerúLimaCentralMissi\OneDrive - Church of Jesus Christ (1)\Sec. Visas\1. Visas Lima Central\1 DOCUMENTOS DE LEGALIZACIÓN - IMPORTANTE\TRASH\thatonenewguynamed Steve
2026-06-02 15:25:46,109 | INFO | Moved missionary folder to trash: C:\Users\PerúLimaCentralMissi\OneDrive - Church of Jesus Christ (1)\Sec. Visas\1. Visas Lima Central\1 DOCUMENTOS DE LEGALIZACIÓN - IMPORTANTE\TRASH\thatonenewguynamed Steve
2026-06-02 15:25:46,109 | INFO | Soft deleted missionary: thatonenewguynamed Steve
2026-06-02 15:25:46,109 | INFO | Loaded active missionaries
2026-06-02 15:25:46,117 | INFO | Loaded 1 missionaries into table
2026-06-02 15:25:47,166 | INFO | Opening detail page for missionary: James William VanOrden
2026-06-02 15:25:47,166 | INFO | Loading missionary details for James William VanOrden
2026-06-02 15:25:47,166 | INFO | Loading documents for missionary ID 3
2026-06-02 15:25:47,166 | INFO | Loaded 0 documents for missionary ID 3
2026-06-02 15:25:49,009 | INFO | Moved folder to trash: C:\Users\PerúLimaCentralMissi\OneDrive - Church of Jesus Christ (1)\Sec. Visas\1. Visas Lima Central\1 DOCUMENTOS DE LEGALIZACIÓN - IMPORTANTE\TRASH\James William VanOrden
2026-06-02 15:25:49,009 | INFO | Moved missionary folder to trash: C:\Users\PerúLimaCentralMissi\OneDrive - Church of Jesus Christ (1)\Sec. Visas\1. Visas Lima Central\1 DOCUMENTOS DE LEGALIZACIÓN - IMPORTANTE\TRASH\James William VanOrden
2026-06-02 15:25:49,019 | INFO | Soft deleted missionary: James William VanOrden
2026-06-02 15:25:49,019 | INFO | Loaded active missionaries
2026-06-02 15:25:49,024 | INFO | Loaded 0 missionaries into table
2026-06-02 15:25:50,683 | INFO | Loaded 2 trashed missionaries
2026-06-02 15:25:52,606 | ERROR | Failed to permanently delete
Traceback (most recent call last):
  File "C:\Local Apps\Mission-Legal-App(V2)\services\missionary_service.py", line 348, in hard_delete
    shutil.rmtree(folder)
  File "C:\Users\PerúLimaCentralMissi\AppData\Local\Programs\Python\Python312\Lib\shutil.py", line 781, in rmtree
    return _rmtree_unsafe(path, onexc)
           ^^^^^^^^^^^^^^^^^^^^^^^^^^^
  File "C:\Users\PerúLimaCentralMissi\AppData\Local\Programs\Python\Python312\Lib\shutil.py", line 629, in _rmtree_unsafe
    onexc(os.rmdir, fullname, err)
  File "C:\Users\PerúLimaCentralMissi\AppData\Local\Programs\Python\Python312\Lib\shutil.py", line 627, in _rmtree_unsafe
    os.rmdir(fullname)
PermissionError: [WinError 5] Access is denied: 'C:\\Users\\PerúLimaCentralMissi\\OneDrive - Church of Jesus Christ (1)\\Sec. Visas\\1. Visas Lima Central\\1 DOCUMENTOS DE LEGALIZACIÓN - IMPORTANTE\\TRASH\\James William VanOrden\\CANCELACION'
2026-06-02 15:25:52,606 | ERROR | Hard delete failed
Traceback (most recent call last):
  File "C:\Local Apps\Mission-Legal-App(V2)\ui\pages\trash_page.py", line 246, in _hard_delete_missionary
    self.missionary_service.hard_delete(
  File "C:\Local Apps\Mission-Legal-App(V2)\services\missionary_service.py", line 348, in hard_delete
    shutil.rmtree(folder)
  File "C:\Users\PerúLimaCentralMissi\AppData\Local\Programs\Python\Python312\Lib\shutil.py", line 781, in rmtree
    return _rmtree_unsafe(path, onexc)
           ^^^^^^^^^^^^^^^^^^^^^^^^^^^
  File "C:\Users\PerúLimaCentralMissi\AppData\Local\Programs\Python\Python312\Lib\shutil.py", line 629, in _rmtree_unsafe
    onexc(os.rmdir, fullname, err)
  File "C:\Users\PerúLimaCentralMissi\AppData\Local\Programs\Python\Python312\Lib\shutil.py", line 627, in _rmtree_unsafe
    os.rmdir(fullname)
PermissionError: [WinError 5] Access is denied: 'C:\\Users\\PerúLimaCentralMissi\\OneDrive - Church of Jesus Christ (1)\\Sec. Visas\\1. Visas Lima Central\\1 DOCUMENTOS DE LEGALIZACIÓN - IMPORTANTE\\TRASH\\James William VanOrden\\CANCELACION'
2026-06-02 15:34:37,481 | WARNING | Skipped locked or inaccessible __pycache__: C:\Local Apps\Mission-Legal-App(V2)\_tmp_pycache_cleanup_test\pkg\__pycache__
2026-06-02 15:35:09,693 | WARNING | Skipped locked or inaccessible __pycache__: C:\Local Apps\Mission-Legal-App(V2)\_tmp_pycache_cleanup_test_2\pkg\__pycache__
2026-06-02 15:36:56,272 | INFO | [dry-run] Would remove C:\Local Apps\Mission-Legal-App(V2)\__pycache__
2026-06-02 15:36:56,272 | INFO | [dry-run] Would remove C:\Local Apps\Mission-Legal-App(V2)\_tmp_pycache_cleanup_test\pkg\__pycache__
2026-06-02 15:36:56,272 | INFO | [dry-run] Would remove C:\Local Apps\Mission-Legal-App(V2)\_tmp_pycache_cleanup_test_2\pkg\__pycache__
2026-06-02 15:36:56,272 | INFO | [dry-run] Would remove C:\Local Apps\Mission-Legal-App(V2)\database\__pycache__
2026-06-02 15:36:56,272 | INFO | [dry-run] Would remove C:\Local Apps\Mission-Legal-App(V2)\database\models\__pycache__
2026-06-02 15:36:56,272 | INFO | [dry-run] Would remove C:\Local Apps\Mission-Legal-App(V2)\services\__pycache__
2026-06-02 15:36:56,272 | INFO | [dry-run] Would remove C:\Local Apps\Mission-Legal-App(V2)\ui\__pycache__
2026-06-02 15:36:56,272 | INFO | [dry-run] Would remove C:\Local Apps\Mission-Legal-App(V2)\ui\dialogs\__pycache__
2026-06-02 15:36:56,272 | INFO | [dry-run] Would remove C:\Local Apps\Mission-Legal-App(V2)\ui\foundation\__pycache__
2026-06-02 15:36:56,272 | INFO | [dry-run] Would remove C:\Local Apps\Mission-Legal-App(V2)\ui\pages\__pycache__
2026-06-02 15:36:56,272 | INFO | [dry-run] Would remove C:\Local Apps\Mission-Legal-App(V2)\ui\widgets\__pycache__
2026-06-02 15:36:56,272 | INFO | [dry-run] Would remove C:\Local Apps\Mission-Legal-App(V2)\utils\__pycache__
2026-06-02 15:37:35,967 | INFO | [dry-run] Would remove C:\Local Apps\Mission-Legal-App(V2)\__pycache__
2026-06-02 15:37:35,967 | INFO | [dry-run] Would remove C:\Local Apps\Mission-Legal-App(V2)\_tmp_pycache_cleanup_test\pkg\__pycache__
2026-06-02 15:37:35,967 | INFO | [dry-run] Would remove C:\Local Apps\Mission-Legal-App(V2)\_tmp_pycache_cleanup_test_2\pkg\__pycache__
2026-06-02 15:37:35,967 | INFO | [dry-run] Would remove C:\Local Apps\Mission-Legal-App(V2)\database\__pycache__
2026-06-02 15:37:35,967 | INFO | [dry-run] Would remove C:\Local Apps\Mission-Legal-App(V2)\database\models\__pycache__
2026-06-02 15:37:35,967 | INFO | [dry-run] Would remove C:\Local Apps\Mission-Legal-App(V2)\services\__pycache__
2026-06-02 15:37:35,967 | INFO | [dry-run] Would remove C:\Local Apps\Mission-Legal-App(V2)\ui\__pycache__
2026-06-02 15:37:35,967 | INFO | [dry-run] Would remove C:\Local Apps\Mission-Legal-App(V2)\ui\dialogs\__pycache__
2026-06-02 15:37:35,967 | INFO | [dry-run] Would remove C:\Local Apps\Mission-Legal-App(V2)\ui\foundation\__pycache__
2026-06-02 15:37:35,967 | INFO | [dry-run] Would remove C:\Local Apps\Mission-Legal-App(V2)\ui\pages\__pycache__
2026-06-02 15:37:35,967 | INFO | [dry-run] Would remove C:\Local Apps\Mission-Legal-App(V2)\ui\widgets\__pycache__
2026-06-02 15:37:35,967 | INFO | [dry-run] Would remove C:\Local Apps\Mission-Legal-App(V2)\utils\__pycache__
2026-06-02 15:37:36,725 | INFO | Removed stale __pycache__: C:\Local Apps\Mission-Legal-App(V2)\__pycache__
2026-06-02 15:37:36,725 | INFO | Removed stale __pycache__: C:\Local Apps\Mission-Legal-App(V2)\_tmp_pycache_cleanup_test\pkg\__pycache__
2026-06-02 15:37:36,725 | INFO | Removed stale __pycache__: C:\Local Apps\Mission-Legal-App(V2)\_tmp_pycache_cleanup_test_2\pkg\__pycache__
2026-06-02 15:37:36,725 | INFO | Removed stale __pycache__: C:\Local Apps\Mission-Legal-App(V2)\database\__pycache__
2026-06-02 15:37:36,741 | INFO | Removed stale __pycache__: C:\Local Apps\Mission-Legal-App(V2)\database\models\__pycache__
2026-06-02 15:37:36,741 | INFO | Removed stale __pycache__: C:\Local Apps\Mission-Legal-App(V2)\services\__pycache__
2026-06-02 15:37:36,759 | INFO | Removed stale __pycache__: C:\Local Apps\Mission-Legal-App(V2)\ui\__pycache__
2026-06-02 15:37:36,769 | INFO | Removed stale __pycache__: C:\Local Apps\Mission-Legal-App(V2)\ui\dialogs\__pycache__
2026-06-02 15:37:36,778 | INFO | Removed stale __pycache__: C:\Local Apps\Mission-Legal-App(V2)\ui\foundation\__pycache__
2026-06-02 15:37:36,778 | INFO | Removed stale __pycache__: C:\Local Apps\Mission-Legal-App(V2)\ui\pages\__pycache__
2026-06-02 15:37:36,793 | INFO | Removed stale __pycache__: C:\Local Apps\Mission-Legal-App(V2)\ui\widgets\__pycache__
2026-06-02 15:37:36,793 | INFO | Removed stale __pycache__: C:\Local Apps\Mission-Legal-App(V2)\utils\__pycache__
